Rk,Player,Age,Team,Pos,G,GS,MP,PER,TS%,3PAr,FTr,ORB%,DRB%,TRB%,AST%,STL%,BLK%,TOV%,USG%,OWS,DWS,WS,WS/48,OBPM,DBPM,BPM,VORP,Awards,Player-additional
1,Devin Booker,29,PHO,SG,19,19,679,18.8,.580,.307,.407,3.1,10.4,6.7,30.7,1.3,1.0,15.0,30.7,1.3,0.6,1.9,.131,2.1,-1.4,0.7,0.5,,bookede01
2,Tyrese Maxey,25,PHI,PG,17,17,679,23.9,.613,.422,.337,0.8,11.5,6.1,32.1,1.9,1.8,9.3,30.3,2.2,0.6,2.8,.194,6.3,0.4,6.7,1.5,,maxeyty01
3,Trey Murphy III,25,NOP,SF,19,19,675,17.2,.611,.547,.254,3.8,16.5,9.7,14.0,2.4,0.6,11.8,21.4,1.1,0.2,1.3,.093,2.0,-1.1,0.9,0.5,,murphtr02
4,Franz Wagner,24,ORL,SF,19,19,656,19.9,.597,.278,.470,5.4,15.3,10.4,17.8,1.4,0.9,8.8,25.5,1.6,0.7,2.4,.174,2.9,-0.1,2.8,0.8,,wagnefr01
5,Deni Avdija,25,POR,SF,19,19,644,20.1,.620,.407,.488,3.8,17.2,10.2,26.2,0.7,1.9,15.0,28.2,1.5,0.4,1.8,.137,4.6,-0.7,3.9,1.0,,avdijde01
6,Toumani Camara,25,POR,PF,19,19,641,9.3,.512,.616,.114,6.5,10.4,8.4,10.9,1.5,1.5,15.0,16.1,0.0,0.3,0.3,.024,-2.0,-1.0,-3.0,-0.2,,camarto01
7,Brandon Ingram,28,TOR,SF,19,19,640,16.6,.580,.273,.308,2.2,17.4,9.9,16.3,1.6,2.0,13.3,27.3,0.2,1.0,1.2,.088,0.2,-0.1,0.1,0.3,,ingrabr01
8,Shai Gilgeous-Alexander,27,OKC,PG,19,19,632,34.0,.675,.262,.487,1.8,14.0,8.2,35.2,2.3,2.4,6.7,33.6,3.8,1.5,5.2,.396,10.3,3.8,14.0,2.5,,gilgesh01
9,Scottie Barnes,24,TOR,PF,19,19,630,20.7,.593,.217,.249,7.5,19.1,13.4,22.1,2.0,4.8,11.9,23.8,1.1,1.2,2.3,.175,2.4,2.2,4.6,1.1,,barnesc01
10,Miles Bridges,27,CHO,PF,18,18,628,16.9,.558,.487,.279,3.5,17.6,10.5,16.5,0.9,1.4,7.4,25.1,1.1,0.2,1.3,.097,2.0,-1.7,0.3,0.4,,bridgmi02
11,Dyson Daniels,22,ATL,SG,19,19,626,13.1,.514,.150,.145,7.3,14.0,10.7,22.9,3.1,1.2,18.9,15.4,0.2,0.9,1.1,.084,-2.2,1.7,-0.6,0.2,,daniedy01
12,DeMar DeRozan,36,SAC,PF,19,19,625,16.6,.594,.153,.394,1.8,9.0,5.3,16.5,1.7,0.4,6.7,21.4,1.1,0.1,1.3,.096,0.1,-0.8,-0.7,0.2,,derozde01
13,Desmond Bane,27,ORL,SG,19,19,615,13.8,.548,.344,.256,4.1,10.9,7.5,21.3,1.2,0.7,12.5,23.4,0.5,0.6,1.1,.088,-0.7,-0.7,-1.4,0.1,,banede01
14,Evan Mobley,24,CLE,PF,18,18,615,17.6,.572,.307,.463,7.6,20.3,13.8,16.9,1.5,4.3,14.0,22.9,0.5,1.0,1.5,.115,0.7,1.1,1.8,0.6,,mobleev01
15,Ryan Rollins,23,MIL,PG,19,18,610,17.4,.591,.407,.150,3.0,11.7,7.3,27.9,2.3,0.8,14.6,24.9,0.6,0.5,1.2,.091,1.3,-0.7,0.6,0.4,,rolliry01
16,Immanuel Quickley,26,TOR,PG,19,19,605,15.8,.570,.521,.212,1.5,15.1,8.5,25.9,2.0,0.2,10.4,20.2,0.8,0.9,1.7,.135,1.0,0.8,1.8,0.6,,quickim01
17,James Harden,36,LAC,PG,17,17,605,24.9,.639,.562,.480,2.2,16.3,9.3,40.2,1.5,1.1,14.9,31.7,2.0,0.2,2.2,.177,7.2,-0.9,6.3,1.2,,hardeja01
18,Lauri Markkanen,28,UTA,PF,17,17,605,21.8,.612,.435,.323,6.9,12.0,9.4,11.0,1.3,1.3,5.5,28.1,1.8,0.1,1.9,.152,5.9,-2.1,3.8,0.9,,markkla01
19,Cooper Flagg,19,DAL,PG,18,18,604,13.1,.527,.280,.236,4.0,15.6,9.9,15.2,1.9,1.6,12.6,21.4,-0.2,1.0,0.7,.056,-2.5,0.8,-1.7,0.1,,flaggco01
20,Julius Randle,31,MIN,PF,18,18,602,22.2,.617,.319,.456,5.4,18.9,12.3,26.6,1.7,0.6,12.5,27.3,1.6,0.8,2.5,.196,4.1,0.4,4.5,1.0,,randlju01
21,Kon Knueppel,20,CHO,SF,18,17,600,15.0,.632,.614,.175,3.6,16.1,9.8,13.2,1.0,0.6,14.0,21.4,0.8,0.2,1.0,.076,1.6,-1.7,-0.1,0.3,,knuepko01
22,Mikal Bridges,29,NYK,SF,17,17,599,19.0,.636,.451,.162,3.5,11.2,7.2,17.9,2.9,3.6,8.0,16.4,1.5,0.9,2.4,.192,3.3,2.4,5.7,1.2,,bridgmi01
23,Derrick White,31,BOS,SG,18,18,594,16.0,.494,.571,.198,3.1,10.6,6.8,21.6,2.7,3.8,7.9,22.8,0.5,0.8,1.3,.106,1.2,1.3,2.5,0.7,,whitede01
24,Pascal Siakam,31,IND,PF,17,17,593,18.5,.562,.281,.442,4.3,16.9,10.3,24.2,1.7,1.2,10.6,28.0,0.6,0.5,1.1,.086,2.4,-0.4,2.0,0.6,,siakapa01
25,Nikola Jokić,30,DEN,C,17,17,592,36.7,.729,.282,.395,11.3,28.5,20.5,51.6,2.2,2.0,14.6,29.0,4.0,1.1,5.1,.413,12.8,5.4,18.2,3.0,,jokicni01
26,Keyonte George,22,UTA,PG,17,17,589,17.9,.590,.408,.419,1.8,11.2,6.4,33.0,1.4,0.7,14.3,27.0,1.1,0.1,1.2,.098,2.4,-1.7,0.7,0.4,,georgke01
27,Jaylen Brown,29,BOS,SF,18,18,585,22.0,.580,.267,.301,3.5,15.9,9.6,24.0,1.5,1.2,12.4,36.6,0.8,0.6,1.4,.114,3.3,-0.8,2.5,0.7,,brownja02
28,Payton Pritchard,28,BOS,PG,18,18,585,16.5,.576,.585,.174,3.5,10.9,7.2,21.8,1.1,0.2,8.5,20.8,1.3,0.4,1.7,.139,2.0,-0.9,1.1,0.5,,pritcpa01
29,Alperen Şengün,23,HOU,C,16,16,585,20.8,.565,.177,.400,9.2,19.4,14.4,28.5,1.5,2.4,14.8,25.8,1.4,0.8,2.2,.180,4.1,1.4,5.5,1.1,,sengual01
30,Amen Thompson,23,HOU,SF,16,16,585,16.4,.540,.157,.278,7.7,13.2,10.5,19.5,2.0,1.2,12.5,20.8,1.0,0.7,1.7,.139,0.6,0.6,1.2,0.5,,thompam01
31,Rudy Gobert,33,MIN,C,18,18,582,15.3,.689,.000,.583,12.3,22.5,17.5,7.4,0.7,4.9,19.6,12.2,0.9,0.9,1.8,.145,-1.2,0.5,-0.7,0.2,,goberru01
32,Donovan Mitchell,29,CLE,SG,17,17,578,24.4,.643,.506,.327,2.6,12.9,7.6,28.3,2.0,0.9,12.2,32.2,1.6,0.7,2.3,.190,6.6,0.5,7.1,1.3,,mitchdo01
33,Jalen Johnson,24,ATL,SF,17,17,576,22.2,.630,.224,.319,3.7,27.1,15.5,31.6,2.3,1.1,15.5,25.3,1.1,1.0,2.1,.174,3.1,1.7,4.8,1.0,,johnsja05
34,Royce O'Neale,32,PHO,SF,19,15,574,12.1,.616,.825,.058,3.1,16.4,9.7,12.2,1.9,0.7,13.8,14.8,0.6,0.7,1.3,.112,0.2,0.5,0.7,0.4,,onealro01
35,Duncan Robinson,31,DET,SF,18,18,574,11.4,.631,.795,.169,1.5,8.1,4.8,7.9,1.3,1.0,6.8,13.7,0.9,0.5,1.5,.124,-0.1,-0.2,-0.3,0.2,,robindu01
36,Myles Turner,29,MIL,C,19,19,572,14.9,.585,.581,.241,4.5,20.6,12.6,8.0,1.7,5.5,10.2,17.9,0.4,0.7,1.1,.091,-0.2,0.4,0.2,0.3,,turnemy01
37,Ivica Zubac,28,LAC,C,18,18,572,21.0,.629,.000,.206,13.9,28.0,21.1,13.2,0.8,2.9,12.5,20.9,1.2,0.4,1.6,.136,1.8,-1.4,0.4,0.3,,zubaciv01
38,Davion Mitchell,27,MIA,PG,19,19,570,13.0,.584,.347,.204,1.5,8.1,4.9,31.1,1.9,0.2,15.8,13.5,0.8,0.7,1.6,.131,-1.4,1.4,0.0,0.3,,mitchda01
39,Max Christie,22,DAL,SG,19,16,568,12.3,.660,.621,.201,0.4,11.8,6.1,11.4,0.8,1.4,11.5,15.3,0.6,0.7,1.3,.109,-0.4,0.4,0.1,0.3,,chrisma02
40,Zach LaVine,30,SAC,SG,17,17,568,13.6,.621,.482,.233,0.8,10.3,5.4,10.1,1.0,0.3,13.0,23.7,0.2,0.0,0.3,.022,-0.2,-2.5,-2.7,-0.1,,lavinza01
41,P.J. Washington,27,DAL,PF,18,18,567,12.8,.529,.363,.316,4.2,20.9,12.7,12.0,1.4,3.2,15.0,23.1,-0.6,1.0,0.4,.035,-2.4,0.9,-1.5,0.1,,washipj01
42,Karl-Anthony Towns,30,NYK,C,17,17,567,21.4,.589,.351,.439,10.0,31.7,20.3,14.6,1.3,2.6,12.2,26.9,1.3,0.8,2.1,.178,2.3,-0.1,2.2,0.6,,townska01
43,Devin Vassell,25,SAS,SG,17,17,567,11.3,.543,.542,.146,1.4,10.8,6.3,10.0,1.6,1.1,8.1,18.4,0.3,0.7,1.0,.084,-1.4,-0.1,-1.5,0.1,,vassede01
44,Jaime Jaquez Jr.,24,MIA,SF,19,0,565,16.6,.584,.138,.302,5.1,15.7,10.7,25.2,1.0,0.7,13.2,21.7,0.8,0.8,1.6,.132,0.5,0.9,1.4,0.5,,jaqueja01
45,Jimmy Butler,36,GSW,SF,18,18,564,24.7,.666,.177,.665,7.7,11.9,9.8,25.1,2.6,0.8,8.5,22.1,2.5,0.7,3.2,.270,5.3,1.3,6.6,1.2,,butleji01
46,Brandin Podziemski,22,GSW,SG,20,8,563,12.9,.566,.477,.264,2.1,15.7,8.9,15.2,2.1,0.8,10.8,18.1,0.4,0.7,1.1,.093,-1.4,0.6,-0.7,0.2,,podzibr01
47,Jamal Murray,28,DEN,PG,16,16,562,20.0,.596,.403,.226,1.5,12.4,7.3,28.0,1.6,0.8,10.6,26.3,1.3,0.6,1.9,.164,3.6,-0.9,2.8,0.7,,murraja01
48,Donte DiVincenzo,29,MIN,SG,18,18,561,13.6,.607,.769,.258,2.8,10.9,6.9,14.5,1.8,1.3,11.8,17.2,0.8,0.6,1.4,.124,0.7,0.2,0.9,0.4,,divindo01
49,VJ Edgecombe,20,PHI,SG,15,15,560,11.7,.503,.380,.176,6.0,11.7,8.8,16.1,1.6,1.1,11.1,19.5,0.1,0.4,0.5,.045,-1.9,-0.6,-2.5,-0.1,,edgecvj01
50,A.J. Green,26,MIL,SG,19,19,547,10.8,.711,.911,.156,0.2,10.6,5.4,9.0,0.9,0.2,8.8,12.6,0.9,0.2,1.1,.097,-0.8,-1.2,-2.0,0.0,,greenaj01
51,Cade Cunningham,24,DET,PG,15,15,545,22.1,.553,.296,.372,4.1,14.2,9.2,40.6,1.7,2.0,12.4,32.9,1.2,0.7,1.9,.167,4.5,0.2,4.8,0.9,,cunnica01
52,Jaden McDaniels,25,MIN,PF,17,17,544,15.2,.632,.293,.217,4.3,12.2,8.4,10.8,1.8,3.0,13.9,19.5,0.7,0.7,1.4,.120,-0.5,0.5,0.0,0.3,,mcdanja02
53,Nickeil Alexander-Walker,27,ATL,SG,17,14,542,15.2,.592,.464,.315,2.5,8.3,5.4,16.4,1.3,2.6,12.4,23.9,0.4,0.5,0.9,.081,0.4,-1.2,-0.8,0.2,,alexani01
54,Gary Trent Jr.,27,MIL,SG,19,13,539,8.9,.555,.698,.136,0.2,5.5,2.8,9.0,1.8,0.2,8.7,15.8,0.0,0.3,0.3,.027,-2.8,-1.1,-4.0,-0.3,,trentga02
55,Russell Westbrook,37,SAC,SF,19,13,539,15.4,.551,.455,.223,5.9,22.0,13.7,33.2,1.8,0.5,20.2,23.9,-0.1,0.3,0.2,.020,1.3,-0.4,0.9,0.4,,westbru01
56,Quentin Grimes,25,PHI,SG,17,2,539,13.4,.609,.554,.369,1.0,11.2,6.0,18.4,1.2,1.5,16.6,21.1,0.5,0.3,0.8,.071,-0.4,-0.8,-1.2,0.1,,grimequ01
57,Rui Hachimura,27,LAL,PF,16,16,535,13.0,.672,.370,.210,2.8,10.6,6.9,4.5,0.8,0.7,8.8,15.6,0.8,0.3,1.2,.105,0.3,-1.6,-1.3,0.1,,hachiru01
58,Wendell Carter Jr.,26,ORL,C,18,18,529,14.8,.671,.358,.460,11.2,17.3,14.3,9.2,1.0,2.1,17.1,15.8,1.0,0.6,1.6,.148,-0.2,0.4,0.3,0.3,,cartewe01
59,Isaiah Hartenstein,27,OKC,C,19,19,528,21.3,.678,.027,.336,13.7,28.1,21.3,17.3,2.2,2.9,18.6,17.2,1.3,1.5,2.8,.253,1.4,2.8,4.1,0.8,,harteis01
60,Andrew Wiggins,30,MIA,SF,16,16,527,12.8,.554,.365,.183,4.8,9.4,7.3,11.7,1.5,2.8,11.6,20.6,0.0,0.7,0.7,.067,-1.1,0.5,-0.6,0.2,,wiggian01
61,RJ Barrett,25,TOR,SF,17,17,526,17.6,.604,.367,.338,2.6,14.7,8.8,17.9,1.3,0.7,8.7,24.0,0.9,0.7,1.6,.143,1.4,-0.6,0.8,0.4,,barrerj01
62,Dennis Schröder,32,SAC,PG,18,12,525,12.0,.495,.391,.198,1.7,12.7,7.1,29.3,1.4,0.7,13.5,21.1,-0.2,0.1,0.0,-0.002,-1.4,-1.6,-3.0,-0.1,,schrode01
63,Onyeka Okongwu,25,ATL,C,18,7,524,17.6,.638,.420,.275,6.0,21.0,13.6,12.7,1.3,3.2,11.8,21.3,0.8,0.7,1.5,.139,0.5,0.0,0.5,0.3,,okongon01
64,Harrison Barnes,33,SAS,PF,17,17,523,13.9,.691,.614,.221,2.9,8.4,5.8,9.2,1.8,0.7,12.1,14.7,1.0,0.6,1.6,.143,0.9,0.3,1.2,0.4,,barneha02
65,Ajay Mitchell,23,OKC,SG,19,5,522,17.7,.565,.278,.300,2.7,11.3,7.2,20.3,3.0,1.2,11.0,24.9,0.6,1.2,1.8,.163,-0.3,1.8,1.5,0.4,,mitchaj01
66,Michael Porter Jr.,27,BRK,SF,16,16,521,20.5,.607,.479,.250,3.7,23.6,13.0,17.9,1.1,0.5,9.6,29.2,0.8,0.2,1.0,.090,4.5,-1.6,2.9,0.7,,portemi01
67,Jerami Grant,31,POR,PF,18,6,517,17.2,.624,.436,.582,3.8,9.6,6.5,12.7,1.4,1.2,11.5,23.9,1.2,0.2,1.5,.137,1.9,-1.0,0.9,0.4,,grantje01
68,Cason Wallace,22,OKC,SG,18,18,517,11.2,.550,.562,.080,3.2,7.5,5.5,11.0,3.9,1.0,12.9,13.6,0.2,1.2,1.4,.131,-2.9,3.5,0.6,0.3,,wallaca01
69,Anthony Black,22,ORL,PG,19,4,516,13.0,.583,.363,.341,2.2,9.7,6.0,14.6,2.5,1.9,15.7,20.2,0.2,0.7,0.8,.078,-2.0,1.1,-0.9,0.1,,blackan01
70,Jalen Brunson,29,NYK,PG,15,15,512,22.0,.594,.359,.291,1.2,10.0,5.4,30.4,1.0,0.2,9.1,32.1,1.5,0.4,1.8,.172,4.9,-1.5,3.4,0.7,,brunsja01
71,Josh Giddey,23,CHI,PG,15,15,511,20.2,.571,.293,.397,4.9,24.2,15.0,40.7,1.4,1.1,16.7,26.1,0.8,0.5,1.3,.120,2.9,0.4,3.4,0.7,,giddejo01
72,Cedric Coward,22,MEM,SG,19,6,510,16.2,.605,.466,.312,5.7,18.2,11.9,16.1,1.2,1.3,10.4,19.5,0.8,0.5,1.3,.123,1.5,0.0,1.5,0.5,,cowarce01
73,Jeremiah Fears,19,NOP,PG,19,17,508,13.9,.536,.259,.230,2.6,11.5,6.7,16.6,2.8,0.6,14.1,25.5,-0.2,0.2,0.0,-0.004,-1.9,-1.5,-3.4,-0.2,,fearsje01
74,Austin Reaves,27,LAL,SG,14,14,508,24.1,.652,.444,.548,3.0,15.2,9.4,30.0,1.9,0.2,13.1,29.1,1.8,0.5,2.3,.217,5.0,0.0,5.0,0.9,,reaveau01
75,Kevin Durant,37,HOU,SF,14,14,505,18.1,.608,.276,.418,1.1,13.6,7.4,13.7,1.4,1.8,12.9,26.5,1.1,0.6,1.6,.156,1.6,-0.2,1.3,0.4,,duranke01
76,Santi Aldama,25,MEM,PF,19,2,504,17.2,.552,.411,.192,6.0,20.8,13.3,17.1,1.8,2.8,8.1,21.3,0.4,0.6,1.1,.101,1.7,0.8,2.6,0.6,,aldamsa01
77,Nic Claxton,26,BRK,C,17,17,504,20.2,.606,.038,.560,10.4,19.2,14.5,23.0,1.2,4.3,10.8,18.9,1.3,0.2,1.5,.145,1.9,0.6,2.5,0.6,,claxtni01
78,CJ McCollum,34,WAS,SG,17,17,504,15.1,.568,.484,.208,2.3,9.4,5.9,17.4,1.1,0.7,8.4,24.7,0.5,-0.1,0.4,.035,1.0,-3.1,-2.1,0.0,,mccolcj01
79,Jarace Walker,22,IND,PF,18,10,503,7.6,.470,.500,.236,2.6,18.2,9.9,13.8,1.1,1.4,16.3,19.5,-0.8,0.4,-0.4,-0.039,-3.8,-1.1,-4.9,-0.4,,walkeja02
80,Naji Marshall,28,DAL,SF,19,1,502,14.1,.600,.385,.541,2.7,16.3,9.6,13.4,2.0,0.3,11.2,17.1,0.6,0.8,1.3,.127,-1.3,1.5,0.2,0.3,,marshna01
81,Jaren Jackson Jr.,26,MEM,C,17,17,499,13.9,.571,.361,.295,3.6,15.8,9.6,9.2,1.0,3.8,11.4,25.5,0.0,0.5,0.5,.050,-1.6,-0.4,-2.0,0.0,,jacksja02
82,Jabari Smith Jr.,22,HOU,PF,15,15,499,14.0,.566,.475,.208,5.0,17.5,11.3,7.4,1.2,2.4,7.4,17.8,0.9,0.6,1.5,.145,0.4,0.2,0.6,0.3,,smithja05
83,Stephen Curry,37,GSW,PG,16,16,497,22.8,.641,.619,.277,1.1,12.0,6.5,24.6,2.0,1.6,12.6,33.8,0.9,0.6,1.5,.144,6.1,-0.5,5.7,0.9,,curryst01
84,Jaylen Wells,22,MEM,SG,19,19,496,10.4,.524,.532,.188,4.6,9.4,7.0,9.9,1.2,0.2,6.1,17.9,0.2,0.3,0.5,.047,-2.1,-1.2,-3.3,-0.2,,wellsja01
85,Saddiq Bey,26,NOP,SF,18,10,496,15.2,.544,.532,.231,6.9,16.6,11.4,11.7,1.8,0.2,5.1,18.1,0.7,0.1,0.8,.079,1.6,-2.0,-0.4,0.2,,beysa01
86,Collin Gillespie,26,PHO,PG,19,1,493,17.0,.588,.654,.130,4.3,13.4,8.8,28.0,2.3,1.2,14.1,19.2,1.0,0.6,1.6,.157,2.9,0.7,3.6,0.7,,gilleco01
87,Draymond Green,35,GSW,PF,17,17,493,8.9,.517,.581,.147,3.3,19.2,11.2,28.8,1.4,2.7,28.6,16.5,-0.4,0.6,0.2,.022,-3.3,1.5,-1.7,0.0,,greendr01
88,Nikola Vučević,35,CHI,C,16,16,490,17.4,.590,.379,.131,8.0,23.9,16.3,16.6,0.9,1.2,10.7,21.4,0.7,0.4,1.1,.105,1.4,-0.7,0.7,0.3,,vucevni01
89,Herbert Jones,27,NOP,SF,16,16,484,7.9,.503,.489,.163,3.2,11.3,6.9,10.6,2.3,0.9,14.7,15.2,-0.2,0.1,-0.1,-0.011,-4.2,-1.0,-5.2,-0.4,,joneshe01
90,Luka Dončić,26,LAL,PG,13,13,484,29.2,.616,.480,.537,2.9,24.2,14.1,42.1,2.5,1.4,12.7,37.7,1.7,0.7,2.4,.237,8.2,1.7,9.9,1.5,,doncilu01
91,Donovan Clingan,21,POR,C,19,19,483,19.9,.576,.362,.243,19.0,23.5,21.1,9.4,1.3,5.4,7.7,14.9,1.2,0.5,1.8,.178,1.9,-0.5,1.4,0.4,,clingdo01
92,Sion James,23,CHO,SG,18,11,477,8.0,.582,.602,.269,1.7,11.8,6.7,7.8,1.4,1.1,14.0,10.6,0.2,0.1,0.4,.037,-3.3,-0.3,-3.6,-0.2,,jamessi01
93,Kel'el Ware,21,MIA,C,19,14,475,20.4,.618,.279,.238,14.1,29.0,21.9,3.2,1.9,5.0,9.1,17.8,0.9,1.1,2.0,.203,1.5,0.9,2.4,0.5,,wareke01
94,Julian Champagnie,24,SAS,SF,17,12,475,11.7,.586,.737,.248,3.9,16.3,10.4,6.7,1.6,1.4,12.1,15.5,0.3,0.7,1.0,.099,-0.3,0.1,-0.2,0.2,,champju02
95,Kyshawn George,22,WAS,SF,15,15,474,14.3,.608,.457,.245,3.1,17.5,10.4,22.8,1.6,2.5,20.3,22.5,0.1,0.2,0.2,.023,-0.3,-0.7,-1.0,0.1,,georgky01
96,Kyle Kuzma,30,MIL,PF,18,9,473,14.1,.569,.281,.308,3.3,17.3,10.3,10.9,1.3,1.8,9.9,21.5,0.3,0.4,0.7,.066,-2.2,-1.1,-3.3,-0.2,,kuzmaky01
97,John Collins,28,LAC,PF,18,9,469,12.1,.585,.298,.248,5.3,15.9,10.7,3.3,1.5,2.1,14.0,19.5,0.0,0.2,0.2,.020,-2.7,-1.9,-4.6,-0.3,,collijo01
98,Moses Moody,23,GSW,SG,18,10,468,12.5,.588,.698,.243,3.0,11.3,7.2,8.6,1.7,2.5,11.0,18.9,0.3,0.5,0.8,.082,-0.7,-0.3,-1.0,0.1,,moodymo01
99,Kris Dunn,31,LAC,PG,18,12,466,10.9,.595,.380,.185,3.8,7.1,5.5,14.7,2.7,0.8,17.0,13.3,0.3,0.2,0.5,.049,-2.8,0.1,-2.7,-0.1,,dunnkr01
100,Matas Buzelis,21,CHI,PF,17,17,465,12.8,.582,.415,.235,4.0,16.2,10.4,6.7,1.1,4.2,13.7,20.8,0.0,0.4,0.4,.037,-2.6,-0.7,-3.3,-0.2,,buzelma01
101,Jalen Duren,22,DET,C,16,16,464,26.2,.701,.000,.672,16.7,27.6,22.2,10.5,1.4,3.0,14.7,23.5,1.6,0.8,2.5,.257,3.5,-0.1,3.4,0.6,,durenja01
102,Ben Sheppard,24,IND,SG,18,8,462,6.3,.415,.577,.131,3.6,14.6,8.8,10.3,1.1,0.6,6.1,13.0,-0.3,0.3,0.0,-0.001,-4.8,-0.7,-5.5,-0.4,,sheppbe01
103,Noah Clowney,21,BRK,PF,17,11,462,11.1,.575,.712,.412,2.3,13.3,7.4,9.0,1.3,2.2,13.4,19.4,0.1,0.1,0.2,.017,-1.3,-1.4,-2.7,-0.1,,clownno01
104,Anthony Edwards,24,MIN,SG,14,14,460,23.3,.611,.435,.370,3.2,12.6,8.0,18.8,2.2,1.8,10.1,32.6,1.0,0.6,1.6,.169,5.6,0.1,5.7,0.9,,edwaran01
105,Jake LaRavia,24,LAL,PF,17,6,458,12.8,.583,.409,.307,5.5,12.2,9.0,10.9,2.4,1.1,11.1,15.2,0.5,0.5,1.0,.104,-0.9,0.3,-0.6,0.2,,laravja01
106,Norman Powell,32,MIA,SG,15,15,456,20.5,.649,.423,.394,1.2,11.1,6.4,11.5,1.9,0.6,9.0,27.6,1.0,0.6,1.6,.171,3.5,0.7,4.2,0.7,,powelno01
107,Tristan Da Silva,24,ORL,SF,19,7,453,14.9,.604,.529,.141,4.8,13.6,9.2,8.4,1.6,1.0,7.7,18.1,0.7,0.5,1.2,.124,1.7,0.1,1.8,0.4,,dasiltr01
108,Derik Queen,21,NOP,C,19,7,451,17.6,.552,.094,.376,8.5,22.1,14.7,23.7,2.3,3.8,17.3,23.5,0.2,0.3,0.5,.057,-0.8,0.5,-0.2,0.2,,queende01
109,Terance Mann,29,BRK,SG,17,17,451,11.8,.559,.400,.217,6.4,8.4,7.4,20.5,1.3,0.6,10.9,14.0,0.6,0.0,0.6,.067,-1.3,-1.1,-2.3,0.0,,mannte01
110,Svi Mykhailiuk,28,UTA,SF,17,17,448,9.8,.609,.709,.047,2.4,8.2,5.2,11.4,0.8,0.7,10.4,13.1,0.4,0.0,0.4,.043,-0.9,-1.5,-2.4,-0.1,,mykhasv01
111,Cameron Johnson,29,DEN,SF,16,16,445,10.2,.575,.488,.240,3.5,9.1,6.5,9.6,1.0,0.6,9.8,14.6,0.5,0.4,0.8,.088,-1.5,-1.2,-2.7,-0.1,,johnsca02
112,Collin Sexton,27,CHO,SG,17,10,443,15.4,.610,.324,.427,1.3,7.8,4.5,27.3,1.1,0.0,16.7,24.8,0.7,0.0,0.7,.073,-0.2,-2.6,-2.8,-0.1,,sextoco01
113,Alex Sarr,20,WAS,C,15,15,442,21.1,.577,.216,.221,8.6,21.4,15.1,19.2,1.2,5.9,11.9,26.1,0.4,0.2,0.7,.072,2.1,-0.4,1.7,0.4,,sarral01
114,Pelle Larsson,24,MIA,SG,19,15,441,12.6,.587,.472,.331,2.2,10.0,6.3,19.6,1.2,1.0,12.9,17.2,0.5,0.5,1.0,.109,-1.1,0.9,-0.1,0.2,,larsspe01
115,Chet Holmgren,23,OKC,PF,15,15,441,19.4,.650,.348,.315,5.8,23.2,14.9,9.2,1.2,5.1,14.2,23.5,0.6,1.1,1.8,.192,0.8,1.8,2.7,0.5,,holmgch01
116,Naz Reid,26,MIN,C,18,0,440,15.8,.557,.493,.124,6.4,18.5,12.6,11.9,1.8,3.5,10.5,22.6,0.3,0.7,1.0,.105,0.1,0.4,0.4,0.3,,reidna01
117,Deandre Ayton,27,LAL,C,15,15,438,18.1,.693,.000,.146,12.1,21.8,17.2,4.7,1.2,2.9,17.6,20.0,0.5,0.5,1.1,.118,-1.0,-1.1,-2.1,0.0,,aytonde01
118,Josh Hart,30,NYK,SF,16,2,436,15.5,.590,.420,.183,6.5,22.9,14.3,23.3,1.9,1.2,18.0,16.4,0.6,0.6,1.2,.134,0.7,1.3,2.0,0.4,,hartjo01
119,Anfernee Simons,26,BOS,SG,18,0,435,14.4,.582,.572,.154,1.5,9.0,5.2,16.2,0.9,0.9,10.4,23.6,0.6,0.3,0.8,.093,1.1,-1.3,-0.2,0.2,,simonan01
120,Peyton Watson,23,DEN,SF,17,7,435,13.5,.605,.363,.242,6.0,14.1,10.4,7.9,2.0,3.8,14.9,15.8,0.3,0.6,1.0,.107,-0.9,0.7,-0.2,0.2,,watsope01
121,De'Andre Hunter,28,CLE,SF,15,15,434,15.8,.588,.507,.305,2.9,15.4,9.0,14.7,1.2,0.6,10.1,24.4,0.6,0.5,1.0,.115,1.0,-0.4,0.6,0.3,,huntede01
122,Kris Murray,25,POR,SF,18,1,433,8.7,.510,.374,.176,7.5,9.7,8.6,6.0,2.2,0.6,12.5,10.2,0.2,0.3,0.4,.047,-2.9,0.2,-2.6,-0.1,,murrakr01
123,Kentavious Caldwell-Pope,32,MEM,SG,19,13,429,8.8,.481,.496,.236,1.7,9.1,5.3,19.0,1.4,0.9,11.9,15.4,-0.1,0.3,0.3,.028,-3.3,-0.3,-3.6,-0.2,,caldwke01
124,Jock Landale,30,MEM,C,19,13,428,16.0,.625,.314,.212,10.0,15.7,12.8,11.1,1.1,1.8,11.0,18.6,0.6,0.4,1.0,.116,0.6,-0.6,0.0,0.2,,landajo01
125,Bub Carrington,20,WAS,PG,17,5,428,5.5,.486,.463,.130,1.2,12.7,7.0,21.5,1.0,0.4,25.5,14.9,-0.5,-0.1,-0.6,-0.066,-5.2,-2.4,-7.6,-0.6,,carrica01
126,Shaedon Sharpe,22,POR,SG,15,14,421,16.6,.536,.370,.296,4.6,15.1,9.6,12.7,2.2,0.8,12.1,32.6,-0.1,0.3,0.3,.033,0.4,-1.5,-1.1,0.1,,sharpsh01
127,Jusuf Nurkić,31,UTA,C,17,12,420,11.8,.472,.229,.339,10.2,32.7,21.2,19.8,3.1,1.6,25.7,17.6,-0.5,0.6,0.0,.001,-4.3,1.5,-2.7,-0.1,,nurkiju01
128,Kelly Oubre Jr.,30,PHI,SF,12,12,418,13.7,.606,.450,.255,3.6,12.5,8.0,5.6,1.5,2.1,9.8,18.4,0.4,0.3,0.7,.085,-0.8,-0.4,-1.2,0.1,,oubreke01
129,Grayson Allen,30,PHO,SG,13,13,417,17.8,.638,.659,.197,1.6,9.3,5.4,19.8,2.4,0.9,10.9,21.1,1.0,0.5,1.5,.169,2.8,0.3,3.1,0.5,,allengr01
130,Stephon Castle,21,SAS,PG,13,13,416,17.5,.585,.323,.548,5.6,14.5,10.2,34.1,2.6,1.1,21.3,25.0,0.4,0.7,1.1,.124,0.1,0.7,0.8,0.3,,castlst01
131,Victor Wembanyama,22,SAS,C,12,12,416,25.8,.609,.262,.380,6.7,33.9,20.8,18.9,1.5,9.6,14.3,30.7,0.7,1.1,1.7,.201,3.0,3.6,6.6,0.9,,wembavi01
132,Giannis Antetokounmpo,31,MIL,PF,13,13,414,34.6,.662,.073,.532,13.1,25.5,19.3,42.0,1.4,3.5,13.1,37.0,1.8,0.5,2.3,.270,9.2,2.2,11.3,1.4,,antetgi01
133,Bobby Portis,30,MIL,PF,19,2,413,14.8,.581,.345,.090,6.3,23.3,14.8,8.2,1.0,0.2,9.8,21.5,0.2,0.3,0.5,.063,-0.2,-2.1,-2.3,0.0,,portibo01
134,Keldon Johnson,26,SAS,SF,17,0,411,19.3,.650,.288,.267,10.8,18.8,15.0,10.9,1.6,0.2,9.4,18.6,1.1,0.6,1.7,.196,2.2,0.0,2.3,0.4,,johnske04
135,Ryan Kalkbrenner,24,CHO,C,16,16,410,18.3,.810,.012,.309,14.2,16.3,15.2,2.2,1.5,6.2,20.0,11.7,0.8,0.4,1.2,.140,0.1,0.2,0.3,0.2,,kalkbry01
136,Mark Williams,24,PHO,C,16,13,410,22.8,.686,.000,.437,14.8,24.4,19.5,6.5,2.6,3.5,9.6,16.9,1.3,0.8,2.1,.242,1.7,0.7,2.4,0.5,,willima07
137,Moussa Diabaté,24,CHO,C,18,1,409,21.4,.693,.000,.670,19.8,20.8,20.3,7.2,1.1,4.9,10.0,14.2,1.4,0.3,1.7,.202,1.7,-0.8,0.9,0.3,,diabamo01
138,Tim Hardaway Jr.,33,DEN,SG,17,1,404,13.1,.612,.657,.168,1.5,7.0,4.4,7.7,1.0,0.5,2.5,16.6,0.8,0.3,1.1,.129,1.3,-1.4,-0.2,0.2,,hardati02
139,Neemias Queta,26,BOS,C,17,17,402,19.7,.633,.027,.239,13.8,22.4,18.0,10.2,1.4,5.6,9.4,14.7,1.1,0.6,1.7,.201,0.1,1.4,1.5,0.4,,quetane01
140,Dillon Brooks,30,PHO,SF,13,13,402,15.6,.569,.452,.231,2.8,9.0,5.9,8.8,2.8,0.5,10.6,28.2,0.2,0.5,0.7,.086,-0.7,-0.4,-1.1,0.1,,brookdi01
141,Jrue Holiday,35,POR,PG,12,12,401,17.1,.565,.512,.151,4.1,13.3,8.4,36.5,2.2,0.7,16.5,20.9,0.6,0.3,0.9,.111,2.7,-0.3,2.4,0.4,,holidjr01
142,Ron Holland,20,DET,SF,18,5,400,9.6,.481,.396,.179,4.1,13.2,8.7,10.8,3.8,1.5,16.7,17.9,-0.4,0.7,0.3,.040,-4.9,1.9,-3.0,-0.1,,hollaro01
143,Tre Jones,26,CHI,PG,14,11,400,16.3,.604,.188,.616,3.0,10.2,6.7,24.5,2.8,0.6,13.9,17.1,0.8,0.3,1.1,.130,-0.8,1.0,0.2,0.2,,jonestr01
144,Reed Sheppard,21,HOU,PG,16,2,399,19.6,.629,.576,.122,1.7,10.5,6.1,19.4,3.3,1.8,9.9,20.8,1.1,0.6,1.7,.208,4.6,2.7,7.3,0.9,,sheppre01
145,Ausar Thompson,23,DET,SF,14,13,399,15.5,.530,.105,.308,6.9,15.1,11.1,14.3,2.8,3.0,9.5,18.5,0.3,0.7,1.0,.121,-0.6,1.8,1.2,0.3,,thompau01
146,Ayo Dosunmu,26,CHI,SG,15,3,397,18.0,.688,.373,.297,1.6,8.2,5.1,16.6,0.8,0.8,9.6,20.6,1.0,0.1,1.1,.134,2.3,-1.4,0.8,0.3,,dosunay01
147,Bruce Brown,29,DEN,SG,17,0,396,8.9,.513,.300,.230,5.1,12.9,9.3,8.6,1.8,0.7,12.0,13.4,0.1,0.5,0.6,.069,-3.5,0.0,-3.5,-0.2,,brownbr01
148,Kevin Huerter,27,CHI,SF,16,5,395,14.5,.589,.484,.197,2.5,12.0,7.5,14.9,1.6,2.9,11.4,20.2,0.3,0.3,0.6,.070,-0.4,0.1,-0.3,0.2,,huertke01
149,Paolo Banchero,23,ORL,PF,12,12,393,18.9,.573,.247,.624,3.2,26.4,14.9,19.1,1.1,2.4,12.4,27.6,0.5,0.6,1.1,.129,1.6,1.2,2.7,0.5,,banchpa01
150,Bam Adebayo,28,MIA,C,13,13,392,17.6,.566,.356,.346,4.3,22.7,14.0,12.6,1.3,2.3,9.5,25.1,0.3,0.7,1.0,.123,1.0,1.2,2.2,0.4,,adebaba01
151,Zaccharie Risacher,20,ATL,SF,16,16,391,12.7,.531,.488,.139,3.4,9.0,6.2,9.4,2.1,2.9,6.4,20.4,0.0,0.4,0.5,.056,-2.0,-0.6,-2.6,-0.1,,risacza01
152,Klay Thompson,35,DAL,SF,18,8,389,8.7,.483,.745,.043,1.3,9.9,5.7,11.1,0.8,1.3,8.2,22.4,-0.5,0.4,-0.1,-0.009,-1.7,-1.1,-2.8,-0.1,,thompkl01
153,Andre Drummond,32,PHI,C,16,8,387,17.0,.598,.224,.286,15.5,33.4,24.3,4.0,1.5,3.7,12.0,13.5,0.6,0.6,1.2,.147,-0.1,-0.4,-0.5,0.2,,drumman01
154,Ryan Dunn,23,PHO,SF,16,11,385,13.8,.560,.416,.133,8.7,13.9,11.3,10.7,2.8,2.7,11.8,14.7,0.4,0.6,1.0,.124,-0.9,1.3,0.3,0.2,,dunnry01
155,Javonte Green,32,DET,SG,18,3,383,10.8,.547,.495,.369,4.0,12.7,8.4,6.0,2.1,2.1,10.5,14.4,0.2,0.5,0.7,.093,-2.4,0.6,-1.8,0.0,,greenja02
156,Malik Monk,27,SAC,SG,16,0,383,14.2,.577,.427,.158,1.7,6.3,4.0,13.2,1.6,2.0,8.5,22.3,0.2,0.1,0.3,.037,0.6,-1.2,-0.6,0.1,,monkma01
157,Sam Hauser,28,BOS,PF,18,2,382,8.5,.493,.873,.034,3.6,12.8,8.2,8.1,1.2,1.0,8.4,14.7,0.1,0.3,0.4,.047,-1.6,-0.9,-2.6,-0.1,,hausesa01
158,Cam Spencer,25,MEM,SG,19,1,381,16.4,.646,.682,.258,1.4,9.9,5.6,26.2,1.6,0.2,10.4,17.9,0.9,0.3,1.2,.147,2.5,0.2,2.7,0.4,,spencca01
159,Dean Wade,29,CLE,PF,17,2,381,9.4,.500,.735,.193,4.2,15.2,9.5,9.0,1.7,2.6,6.2,10.4,0.2,0.5,0.7,.092,-2.3,1.6,-0.6,0.1,,wadede01
160,Luguentz Dort,26,OKC,SF,13,13,379,7.5,.506,.708,.135,5.5,8.9,7.3,5.0,1.4,1.1,8.1,12.6,0.1,0.7,0.8,.098,-3.2,0.3,-2.9,-0.1,,dortlu01
161,Marcus Smart,31,LAL,SG,14,9,375,10.3,.555,.612,.311,3.0,7.0,5.1,14.2,3.2,1.1,18.7,16.5,0.0,0.4,0.5,.058,-3.2,0.9,-2.3,0.0,,smartma01
162,Brandon Williams,26,DAL,PG,17,9,373,13.2,.492,.321,.377,3.3,9.2,6.3,28.7,3.3,0.9,16.4,25.3,-0.4,0.6,0.2,.027,-3.2,1.2,-2.0,0.0,,willibr03
163,Isaac Okoro,25,CHI,SG,15,15,373,8.5,.576,.480,.204,4.9,6.1,5.6,8.4,0.7,2.2,12.3,13.5,0.2,0.1,0.3,.037,-3.0,-1.3,-4.4,-0.2,,okorois01
164,OG Anunoby,28,NYK,PF,12,12,373,16.3,.601,.537,.170,5.4,14.9,9.9,9.7,3.0,2.2,12.2,20.0,0.4,0.5,1.0,.123,1.3,1.1,2.4,0.4,,anunoog01
165,Jose Alvarado,27,NOP,PG,18,0,372,13.3,.576,.641,.102,2.5,14.7,8.1,20.1,2.3,0.0,13.6,17.3,0.3,0.1,0.4,.057,-0.8,-0.9,-1.6,0.0,,alvarjo01
166,Aaron Gordon,30,DEN,PF,13,13,368,20.5,.676,.409,.390,6.1,16.4,11.6,6.6,1.3,0.7,9.1,22.9,1.1,0.4,1.5,.194,3.8,-1.4,2.4,0.4,,gordoaa01
167,Jaylon Tyson,23,CLE,SG,14,10,367,14.8,.669,.545,.125,6.0,13.4,9.6,9.6,1.9,2.5,10.6,14.9,0.7,0.5,1.2,.154,0.2,1.2,1.4,0.3,,tysonja01
168,Ace Bailey,19,UTA,SF,17,8,366,11.8,.548,.455,.131,8.8,8.5,8.7,11.9,1.8,0.8,13.0,19.5,0.1,0.1,0.2,.029,-1.8,-1.9,-3.7,-0.1,,baileac01
169,Domantas Sabonis,29,SAC,C,11,11,365,17.5,.564,.138,.352,11.1,30.9,20.8,17.2,1.7,0.5,14.3,22.8,0.3,0.3,0.6,.074,-0.5,-0.7,-1.2,0.1,,sabondo01
170,Tyrese Martin,26,BRK,SG,17,2,364,12.0,.508,.580,.168,5.3,12.8,8.8,19.7,1.6,0.8,11.9,18.8,0.1,0.1,0.1,.014,-0.7,-1.5,-2.2,0.0,,martity01
171,D'Angelo Russell,29,DAL,PG,17,3,364,12.2,.491,.464,.309,2.0,11.4,6.8,37.5,1.2,0.5,16.3,28.2,-0.5,0.4,-0.1,-0.007,-1.5,-1.4,-3.0,-0.1,,russeda01
172,Tre Johnson,19,WAS,SG,15,4,364,10.0,.565,.521,.110,2.0,10.7,6.4,8.0,0.8,1.7,13.6,20.3,-0.2,-0.1,-0.3,-0.034,-1.7,-3.1,-4.8,-0.3,,johnstr03
173,Jarrett Allen,27,CLE,C,14,14,364,20.8,.627,.029,.467,9.6,22.4,15.8,11.0,2.0,3.0,11.8,21.2,0.7,0.6,1.3,.177,1.1,0.8,1.9,0.4,,allenja01
174,Jakob Poeltl,30,TOR,C,14,14,364,17.6,.718,.000,.488,13.0,22.1,17.6,9.7,1.3,2.2,14.7,14.2,0.9,0.6,1.5,.194,0.1,0.7,0.8,0.3,,poeltja01
175,Mike Conley,38,MIN,PG,18,5,361,11.2,.594,.688,.312,1.9,8.0,5.0,22.1,1.6,0.7,14.6,11.9,0.6,0.3,0.9,.125,-1.2,0.4,-0.8,0.1,,conlemi01
176,Lonzo Ball,28,CLE,PG,15,3,360,9.1,.441,.827,.122,4.1,15.8,9.8,27.6,2.1,1.3,22.5,15.3,-0.2,0.5,0.3,.039,-2.8,1.1,-1.8,0.0,,balllo01
177,Jonathan Kuminga,23,GSW,PF,13,12,360,12.8,.570,.272,.353,6.4,19.9,13.1,16.1,0.7,1.0,18.2,22.5,0.0,0.4,0.3,.045,-2.5,-1.3,-3.8,-0.2,,kuminjo01
178,Simone Fontecchio,30,MIA,SF,19,0,357,13.1,.599,.718,.221,3.0,11.5,7.5,11.2,1.3,0.8,10.9,20.8,0.3,0.4,0.7,.099,0.7,0.1,0.8,0.2,,fontesi01
179,Miles McBride,25,NYK,SG,14,5,357,11.8,.555,.636,.093,2.7,8.4,5.4,13.0,1.5,0.9,7.6,16.9,0.4,0.3,0.7,.092,0.0,-0.3,-0.3,0.2,,mcbrimi01
180,Egor Dёmin,19,BRK,PG,16,9,355,9.8,.507,.698,.086,2.7,15.6,8.7,23.5,1.8,0.8,17.8,17.7,-0.2,0.1,-0.1,-0.010,-2.2,-0.9,-3.1,-0.1,,demineg01
181,Jamal Shead,23,TOR,PG,19,0,354,14.4,.586,.560,.405,1.6,7.8,4.8,36.6,2.2,0.6,18.2,14.5,0.7,0.4,1.2,.157,0.3,0.3,0.6,0.2,,sheadja01
182,Buddy Hield,33,GSW,SG,20,0,352,9.8,.538,.656,.102,2.8,9.4,6.1,13.2,2.3,0.0,14.7,18.8,-0.1,0.4,0.2,.029,-3.3,-0.3,-3.6,-0.1,,hieldbu01
183,Vit Krejci,25,ATL,PG,15,1,351,13.0,.732,.775,.118,1.3,8.8,5.1,10.8,0.8,0.8,9.3,14.3,0.7,0.2,0.9,.122,0.5,-1.0,-0.5,0.1,,krejcvi01
184,Luke Kennard,29,ATL,SG,16,0,347,11.8,.641,.585,.181,2.9,7.0,5.0,13.5,2.1,0.3,15.1,14.6,0.4,0.3,0.7,.091,-1.2,-0.3,-1.6,0.0,,kennalu01
185,Isaiah Jackson,24,IND,C,18,14,346,15.7,.628,.000,.479,12.3,19.1,15.5,8.7,1.6,3.4,16.2,16.1,0.5,0.4,0.8,.116,-2.4,0.0,-2.4,0.0,,jacksis01
186,Tre Mann,24,CHO,PG,16,1,345,8.2,.463,.497,.078,3.6,12.3,8.0,20.6,1.5,0.5,15.6,24.7,-0.5,0.1,-0.4,-0.059,-4.0,-2.2,-6.2,-0.4,,manntr01
187,Ja Morant,26,MEM,PG,12,12,345,12.7,.477,.308,.354,1.8,11.3,6.5,42.1,1.7,0.3,16.6,32.5,-0.5,0.3,-0.2,-0.029,-2.3,-2.4,-4.7,-0.2,,moranja01
188,Josh Okogie,27,HOU,SG,16,12,344,12.3,.576,.540,.310,6.5,6.1,6.3,6.7,3.3,0.6,9.2,13.1,0.5,0.5,1.0,.137,-1.0,1.9,0.9,0.2,,okogijo01
189,Patrick Williams,24,CHI,PF,16,1,343,9.7,.544,.602,.223,3.2,10.7,7.1,9.5,2.2,1.4,13.1,15.7,0.0,0.2,0.2,.027,-2.7,-0.2,-2.9,-0.1,,willipa01
190,Isaiah Stewart,24,DET,C,15,5,340,16.5,.600,.345,.259,10.1,20.0,15.1,8.1,0.4,8.5,11.6,17.7,0.5,0.5,1.0,.148,-0.4,0.9,0.6,0.2,,stewais01
191,Isaiah Joe,26,OKC,SG,14,0,340,15.4,.654,.810,.278,2.4,9.3,6.0,8.5,1.4,0.9,9.0,19.8,0.7,0.6,1.3,.182,1.3,-0.3,1.0,0.3,,joeis01
192,Andrew Nembhard,26,IND,PG,11,11,339,14.1,.539,.395,.388,0.9,5.5,3.1,33.1,1.4,0.5,12.7,24.7,0.2,0.1,0.4,.051,0.6,-2.4,-1.9,0.0,,nembhan01
193,Cole Anthony,25,MIL,PG,18,0,338,10.8,.462,.303,.110,3.3,16.4,9.9,36.8,1.8,2.0,20.9,26.5,-0.6,0.3,-0.3,-0.045,-3.9,-0.8,-4.7,-0.2,,anthoco01
194,Corey Kispert,26,WAS,SF,17,2,338,14.1,.657,.650,.282,1.9,10.9,6.5,12.1,1.1,0.8,8.7,15.6,0.6,-0.1,0.5,.077,0.8,-2.0,-1.2,0.1,,kispeco01
195,Aaron Nesmith,26,IND,SF,11,11,335,12.1,.518,.565,.265,5.0,10.5,7.6,8.2,1.3,0.8,4.6,21.1,0.2,0.2,0.4,.052,-0.3,-1.8,-2.1,0.0,,nesmiaa01
196,LaMelo Ball,24,CHO,PG,11,11,334,18.1,.510,.497,.249,5.1,19.6,12.4,47.7,2.0,0.3,15.5,32.2,0.2,0.2,0.4,.063,1.6,-1.6,0.0,0.2,,ballla01
197,Sandro Mamukelashvili,26,TOR,C,18,1,333,19.0,.669,.388,.298,7.6,16.6,12.2,14.0,1.3,2.1,9.9,19.3,0.9,0.5,1.3,.193,2.7,0.4,3.0,0.4,,mamuksa01
198,Will Richard,23,GSW,SG,18,8,330,16.4,.684,.578,.284,7.3,9.0,8.1,9.8,2.8,0.3,9.5,16.2,0.8,0.4,1.1,.165,0.8,0.8,1.6,0.3,,richawi02
199,Khris Middleton,34,WAS,SF,13,13,330,11.2,.545,.317,.212,5.4,11.5,8.5,17.7,1.4,1.3,15.6,17.0,0.1,0.0,0.1,.014,-2.7,-1.8,-4.5,-0.2,,middlkh01
200,Josh Minott,23,BOS,PF,17,9,328,17.7,.642,.511,.213,9.8,18.5,14.1,9.9,2.3,1.8,9.7,14.9,0.8,0.5,1.3,.186,1.4,0.9,2.3,0.4,,minotjo01
201,Dru Smith,28,MIA,SG,19,0,326,14.6,.550,.439,.214,5.9,9.1,7.6,21.2,4.2,1.1,15.7,15.8,0.3,0.6,0.9,.130,-1.0,4.0,2.9,0.4,,smithdr01
202,Jaylin Williams,23,OKC,PF,18,1,326,11.2,.513,.846,.187,3.2,23.3,13.8,17.4,1.6,2.5,15.5,15.4,0.0,0.8,0.9,.125,-1.8,2.1,0.3,0.2,,willija07
203,Jalen Suggs,24,ORL,PG,14,14,326,19.7,.661,.556,.333,3.8,15.1,9.5,32.7,3.2,2.1,22.1,23.9,0.6,0.6,1.1,.163,2.3,2.3,4.7,0.6,,suggsja01
204,Nicolas Batum,37,LAC,PF,18,2,325,9.3,.578,.929,.057,2.9,14.8,9.0,5.0,2.6,2.4,12.2,11.1,0.1,0.2,0.3,.045,-1.9,0.4,-1.5,0.0,,batumni01
205,Christian Braun,24,DEN,SG,11,11,325,12.7,.569,.289,.299,6.6,9.6,8.2,13.1,1.3,0.8,11.3,16.2,0.4,0.3,0.7,.108,-0.9,-0.8,-1.7,0.0,,braunch01
206,Derrick Jones Jr.,28,LAC,SF,13,13,324,14.7,.652,.500,.304,4.0,7.1,5.6,6.5,1.7,4.5,8.7,15.6,0.5,0.1,0.6,.096,0.7,-0.5,0.3,0.2,,jonesde02
207,Ziaire Williams,24,BRK,SF,14,0,323,9.3,.546,.724,.286,3.3,9.9,6.4,3.8,1.7,2.0,9.9,17.4,0.0,0.1,0.1,.009,-3.0,-1.6,-4.6,-0.2,,willizi02
208,Jordan Clarkson,33,NYK,SG,17,0,321,13.9,.600,.475,.194,5.2,5.8,5.5,12.6,0.9,1.0,11.2,21.9,0.5,0.2,0.7,.100,-0.2,-1.8,-2.0,0.0,,clarkjo01
209,Kyle Filipowski,22,UTA,C,16,5,320,12.8,.540,.383,.364,8.7,23.0,15.7,15.8,0.9,3.1,14.5,18.4,0.2,0.2,0.3,.052,-2.3,-0.4,-2.7,-0.1,,filipky01
210,Quinten Post,25,GSW,PF,20,8,319,14.2,.570,.682,.118,6.2,21.4,13.8,10.9,2.1,3.1,12.1,17.4,0.2,0.5,0.7,.100,-0.3,1.2,0.9,0.2,,postqu01
211,Mouhamed Gueye,23,ATL,PF,19,2,318,12.3,.548,.454,.124,9.9,16.6,13.3,9.7,1.2,3.5,12.0,15.5,0.2,0.4,0.5,.083,-2.4,-0.2,-2.5,0.0,,gueyemo02
212,Jordan Goodwin,27,PHO,PG,16,2,318,15.0,.536,.469,.071,11.3,14.6,12.9,14.1,3.7,0.9,14.6,17.9,0.2,0.5,0.8,.114,-0.1,1.5,1.4,0.3,,goodwjo01
213,Keon Ellis,26,SAC,SG,18,2,317,11.3,.600,.708,.112,1.7,8.0,4.8,4.7,3.6,2.4,8.8,13.8,0.1,0.3,0.4,.055,-1.7,1.8,0.1,0.2,,elliske01
214,Kristaps Porziņģis,30,ATL,C,12,12,316,22.8,.613,.383,.422,6.7,18.1,12.5,18.7,0.8,5.6,5.7,26.0,1.0,0.4,1.4,.211,3.7,1.1,4.9,0.6,,porzikr01
215,Landry Shamet,28,NYK,SG,15,6,314,13.0,.644,.710,.366,2.3,8.5,5.3,7.4,0.9,1.0,6.1,15.2,0.7,0.2,0.9,.135,1.0,-0.7,0.2,0.2,,shamela01
216,Daniel Gafford,27,DAL,C,13,12,312,17.7,.667,.000,.500,10.3,18.2,14.3,9.5,1.8,5.5,15.2,15.0,0.6,0.6,1.2,.178,-1.8,2.6,0.8,0.2,,gaffoda01
217,Sam Merrill,29,CLE,SG,12,8,311,14.9,.679,.853,.138,3.1,5.7,4.4,12.5,0.9,0.9,7.5,17.7,0.8,0.2,1.0,.156,2.6,-0.8,1.8,0.3,,merrisa01
218,Vince Williams Jr.,25,MEM,SG,14,6,310,12.9,.497,.584,.238,5.4,19.2,12.2,35.4,2.2,1.5,22.3,19.2,-0.1,0.4,0.3,.047,-0.8,1.7,0.9,0.2,,willivi01
219,Steven Adams,32,HOU,C,14,4,307,17.9,.566,.000,.492,25.6,21.2,23.4,8.6,1.5,2.9,16.8,12.0,0.7,0.5,1.2,.181,1.7,-0.6,1.0,0.2,,adamsst01
220,Gradey Dick,22,TOR,SG,19,0,305,11.8,.556,.588,.333,2.6,10.9,6.8,5.9,2.2,0.6,6.4,17.4,0.2,0.4,0.6,.097,-1.8,0.0,-1.8,0.0,,dickgr01
221,Goga Bitadze,26,ORL,C,18,0,304,20.6,.751,.113,.532,11.2,23.9,17.6,12.4,1.9,6.0,12.6,12.1,1.0,0.6,1.5,.241,1.7,3.4,5.1,0.6,,bitadgo01
222,Drew Eubanks,28,SAC,C,19,8,303,12.9,.624,.025,.413,5.4,17.4,11.3,3.8,1.9,4.6,16.7,16.0,0.0,0.2,0.2,.039,-3.2,0.0,-3.2,-0.1,,eubandr01
223,Oso Ighodaro,23,PHO,PF,19,4,303,9.9,.555,.014,.271,4.8,18.0,11.4,12.9,1.9,3.7,21.9,13.8,-0.1,0.4,0.4,.060,-5.0,2.1,-2.9,-0.1,,ighodos01
224,Jay Huff,27,IND,C,18,2,301,12.6,.515,.676,.222,5.6,15.4,10.2,8.8,0.5,11.0,9.9,17.9,0.0,0.4,0.3,.052,-2.9,1.3,-1.6,0.0,,huffja01
225,De'Aaron Fox,28,SAS,PG,9,9,301,22.0,.624,.372,.353,3.9,8.9,6.5,30.7,2.1,0.9,13.9,29.5,0.8,0.4,1.2,.185,4.0,-0.1,3.9,0.5,,foxde01
226,Nikola Jović,22,MIA,PF,14,1,299,10.3,.524,.500,.343,3.5,16.3,10.3,18.2,1.4,1.8,17.6,19.3,-0.1,0.5,0.3,.054,-3.2,1.1,-2.1,0.0,,jovicni01
227,Craig Porter Jr.,25,CLE,PG,17,0,295,16.1,.617,.387,.160,7.5,11.0,9.2,19.9,2.7,3.1,14.8,13.2,0.5,0.4,1.0,.155,1.2,2.6,3.8,0.4,,portecr01
228,Jalen Smith,25,CHI,C,17,0,290,19.2,.608,.564,.173,12.0,23.2,17.8,11.3,0.8,3.3,10.1,22.7,0.5,0.3,0.8,.125,2.3,-1.2,1.1,0.2,,smithja04
229,Trendon Watford,25,PHI,PF,14,4,286,15.4,.618,.205,.341,5.7,19.9,12.7,25.3,1.0,0.9,17.2,17.9,0.5,0.2,0.7,.122,-0.6,0.7,0.1,0.2,,watfotr01
230,Cam Whitmore,21,WAS,SF,17,0,285,14.7,.576,.339,.213,4.4,11.9,8.2,6.5,2.1,1.2,10.3,22.7,0.1,0.0,0.1,.018,-0.7,-1.9,-2.6,0.0,,whitmca01
231,Yves Missi,21,NOP,C,14,5,282,15.1,.576,.000,.338,16.9,12.9,15.0,9.6,0.5,6.8,15.8,13.1,0.4,0.0,0.4,.072,-1.2,-1.9,-3.1,-0.1,,missiyv01
232,Zion Williamson,25,NOP,PF,9,9,278,21.4,.580,.008,.705,8.2,11.8,9.8,21.7,2.8,1.9,14.2,29.5,0.4,0.1,0.5,.082,1.8,-1.4,0.4,0.2,,willizi01
233,Tobias Harris,33,DET,PF,9,9,269,13.6,.570,.417,.281,2.1,16.4,9.3,13.1,1.1,1.5,7.7,17.9,0.4,0.3,0.7,.130,-0.1,0.2,0.2,0.1,,harrito02
234,Keaton Wallace,26,ATL,PG,17,2,264,10.9,.571,.629,.114,0.4,11.2,5.9,22.9,2.5,1.1,17.9,14.4,0.1,0.3,0.4,.075,-2.9,0.7,-2.2,0.0,,wallake01
235,Justin Edwards,22,PHI,SF,15,5,263,10.6,.580,.619,.107,5.0,8.0,6.5,11.7,1.6,1.4,14.6,16.4,0.2,0.2,0.3,.058,-1.8,-0.6,-2.4,0.0,,edwarju01
236,Jordan Walsh,21,BOS,PF,14,6,261,13.0,.587,.386,.140,6.9,17.8,12.4,7.9,2.5,2.6,9.0,10.9,0.4,0.4,0.8,.139,-1.9,1.8,-0.1,0.1,,walshjo01
237,Al Horford,39,GSW,C,12,0,261,9.2,.482,.714,.086,4.6,16.9,10.7,11.6,2.2,4.2,18.1,14.3,-0.2,0.4,0.2,.035,-3.4,1.5,-1.9,0.0,,horfoal01
238,Jordan Hawkins,23,NOP,SG,17,0,258,6.3,.430,.551,.071,2.4,11.8,6.7,9.3,0.6,0.4,6.5,17.4,-0.2,-0.1,-0.3,-0.056,-3.6,-3.5,-7.1,-0.3,,hawkijo01
239,Day'Ron Sharpe,24,BRK,C,16,0,258,17.1,.667,.206,.619,14.6,25.2,19.5,17.3,2.7,2.5,27.9,18.5,0.2,0.2,0.4,.079,-1.6,0.8,-0.8,0.1,,sharpda01
240,Alex Caruso,31,OKC,SG,14,0,258,13.2,.530,.667,.139,1.8,10.2,6.2,17.4,4.1,1.6,12.6,14.6,0.1,0.7,0.8,.147,-1.5,3.8,2.4,0.3,,carusal01
241,Caris LeVert,31,DET,SG,13,0,258,14.5,.603,.467,.348,1.7,7.1,4.4,22.4,1.5,1.9,15.9,20.1,0.3,0.3,0.6,.104,0.7,-0.7,0.0,0.1,,leverca01
242,Jarred Vanderbilt,26,LAL,PF,14,2,257,10.6,.548,.280,.380,9.3,26.1,18.1,10.3,2.6,1.9,27.4,13.4,-0.1,0.4,0.3,.062,-3.3,1.2,-2.2,0.0,,vandeja01
243,Collin Murray-Boyles,20,TOR,PF,14,4,256,11.9,.596,.278,.347,9.0,9.5,9.2,7.6,1.5,1.9,13.5,15.9,0.2,0.3,0.6,.105,-1.6,-0.3,-1.9,0.0,,murraco01
244,Tyus Jones,29,ORL,PG,19,1,255,6.9,.403,.580,.040,1.3,6.1,3.8,17.2,2.3,0.7,10.5,9.4,0.0,0.3,0.3,.049,-3.6,1.6,-2.0,0.0,,jonesty01
245,Tari Eason,24,HOU,PF,11,1,255,16.2,.642,.558,.074,7.0,17.8,12.4,9.9,1.8,2.0,16.2,18.9,0.4,0.4,0.8,.141,2.2,-0.4,1.8,0.3,,easonta01
246,Kawhi Leonard,34,LAC,SF,8,8,255,23.5,.622,.341,.288,2.3,16.6,9.6,18.2,3.7,1.5,10.8,28.8,0.5,0.2,0.7,.138,3.3,0.5,3.8,0.4,,leonaka01
247,Dalton Knecht,24,LAL,SF,15,1,251,10.6,.563,.548,.107,4.0,10.4,7.4,4.4,1.3,2.4,8.3,16.4,0.1,0.2,0.3,.059,-1.4,-1.1,-2.5,0.0,,knechda01
248,Nique Clifford,23,SAC,SG,15,2,250,7.2,.455,.466,.310,4.8,13.8,9.2,14.4,1.1,1.5,13.2,12.9,-0.1,0.1,0.0,-0.003,-4.1,-0.7,-4.8,-0.2,,cliffni01
249,Precious Achiuwa,26,SAC,C,12,6,250,14.2,.603,.200,.308,8.8,18.4,13.5,7.4,1.7,1.5,8.7,13.8,0.3,0.1,0.5,.088,-0.9,-0.3,-1.2,0.1,,achiupr01
250,Jaxson Hayes,25,LAL,C,14,2,248,14.7,.748,.023,.386,8.6,18.3,13.7,9.1,1.2,2.4,13.4,10.3,0.6,0.3,0.8,.161,-0.1,0.4,0.3,0.1,,hayesja02
251,Daniss Jenkins,24,DET,PG,13,4,248,17.8,.602,.320,.180,3.6,6.9,5.3,29.6,3.1,0.4,15.6,21.2,0.4,0.3,0.7,.145,0.9,0.2,1.1,0.2,,jenkida01
252,Aaron Wiggins,27,OKC,SG,9,5,248,14.8,.578,.541,.081,4.2,10.2,7.4,11.8,0.8,2.9,7.3,21.6,0.3,0.4,0.7,.140,1.5,-0.4,1.1,0.2,,wiggiaa01
253,Brook Lopez,37,LAC,C,17,0,245,10.1,.541,.681,.117,1.9,13.5,7.8,5.6,1.0,5.5,11.6,20.1,-0.2,0.1,0.0,-0.009,-2.7,-1.2,-3.9,-0.1,,lopezbr01
254,Jaylen Clark,24,MIN,SG,16,0,244,9.6,.509,.448,.345,9.7,8.3,9.0,4.8,2.7,0.7,8.2,12.5,0.2,0.3,0.5,.091,-3.5,0.6,-2.9,-0.1,,clarkja02
255,Jeremiah Robinson-Earl,25,IND,PF,13,3,243,10.0,.494,.338,.169,11.0,18.6,14.6,4.9,1.2,0.0,10.3,13.1,0.1,0.2,0.2,.045,-2.6,-2.1,-4.6,-0.2,,robinje02
256,Brice Sensabaugh,22,UTA,SF,16,0,242,13.2,.567,.664,.147,3.5,14.8,9.0,11.6,1.8,0.8,10.2,23.0,0.1,0.1,0.2,.045,-0.7,-2.0,-2.7,0.0,,sensabr01
257,Luke Kornet,30,SAS,C,10,5,241,17.1,.717,.000,.426,13.0,15.2,14.1,11.8,0.2,4.6,11.1,11.1,0.7,0.3,1.0,.204,1.1,1.0,2.1,0.2,,kornelu01
258,Bilal Coulibaly,21,WAS,SG,9,9,237,11.3,.524,.426,.471,2.2,12.6,7.5,16.8,2.0,3.3,14.6,16.9,0.0,0.1,0.1,.018,-2.8,0.0,-2.8,-0.1,,coulibi01
259,Ja'Kobe Walter,21,TOR,SG,16,1,236,10.9,.605,.667,.111,6.3,6.1,6.2,5.9,3.6,0.4,14.3,13.8,0.1,0.4,0.5,.100,-1.9,2.1,0.2,0.1,,walteja01
260,Sidy Cissoko,21,POR,SF,14,5,235,6.0,.499,.537,.259,3.9,9.2,6.4,11.1,1.6,0.0,17.8,12.3,-0.1,0.1,0.0,.006,-5.0,-0.9,-5.9,-0.2,,cissosi01
261,Luka Garza,27,BOS,C,16,1,234,18.6,.666,.353,.412,16.9,12.5,14.7,7.1,1.1,2.5,8.0,16.0,0.8,0.2,1.1,.216,0.6,-0.4,0.2,0.1,,garzalu01
262,Bennedict Mathurin,23,IND,SF,7,7,232,16.2,.614,.427,.621,3.8,16.2,9.7,11.0,0.8,0.4,13.2,26.7,0.3,0.1,0.4,.083,1.4,-1.9,-0.6,0.1,,mathube01
263,Bogdan Bogdanović,33,LAC,SG,9,2,231,9.5,.514,.627,.173,1.5,13.9,7.8,18.7,1.5,0.4,13.9,17.9,0.0,0.1,0.0,.008,-2.1,-1.0,-3.1,-0.1,,bogdabo01
264,Larry Nance Jr.,33,CLE,PF,15,2,230,6.5,.436,.500,.047,5.1,15.1,9.9,10.7,1.9,1.6,12.1,13.3,-0.1,0.3,0.2,.033,-5.9,0.7,-5.2,-0.2,,nancela02
265,Cam Thomas,24,BRK,SG,8,8,226,15.2,.546,.341,.424,1.4,4.3,2.8,17.0,0.9,0.4,9.3,32.8,0.1,-0.1,0.0,.003,0.8,-4.1,-3.3,-0.1,,thomaca02
266,Marvin Bagley III,26,WAS,PF,14,1,221,19.4,.676,.087,.333,12.9,16.3,14.6,12.9,1.9,3.1,15.0,17.6,0.5,0.1,0.6,.129,1.1,-0.3,0.7,0.1,,baglema01
267,Tony Bradley,28,IND,C,17,3,219,13.0,.608,.017,.356,13.5,9.6,11.7,8.7,0.4,1.2,9.3,14.1,0.4,0.1,0.5,.108,-2.7,-1.8,-4.5,-0.1,,bradlto01
268,Jabari Walker,23,PHI,PF,17,5,217,9.0,.517,.302,.132,11.0,15.9,13.4,6.2,0.4,1.6,12.5,12.3,0.1,0.1,0.2,.054,-3.7,-1.5,-5.1,-0.2,,walkeja01
269,Micah Peavy,24,NOP,SG,15,1,217,9.3,.451,.338,.141,8.1,11.2,9.5,10.5,1.6,1.0,6.2,15.4,0.0,0.0,0.0,.007,-3.9,-2.2,-6.2,-0.2,,peavymi01
270,Jalen Wilson,25,BRK,PF,14,0,214,5.5,.542,.688,.219,1.0,6.9,3.7,5.6,0.5,0.0,12.5,16.1,-0.1,-0.1,-0.2,-0.041,-3.9,-3.3,-7.2,-0.3,,wilsoja03
271,John Konchar,29,MEM,SG,17,0,213,12.1,.566,.605,.105,4.9,19.3,12.0,12.6,3.1,2.2,15.0,9.1,0.1,0.3,0.5,.102,-2.0,3.1,1.1,0.2,,konchjo01
272,Jonas Valančiūnas,33,DEN,C,17,0,213,21.4,.606,.090,.390,13.4,26.0,20.1,12.0,0.5,4.7,12.7,26.8,0.4,0.3,0.7,.168,0.0,-0.6,-0.7,0.1,,valanjo01
273,Jordan Poole,26,NOP,PG,7,4,212,11.2,.535,.596,.323,1.5,5.2,3.2,16.9,0.5,1.0,11.7,25.2,0.1,-0.1,0.0,.000,-0.6,-3.8,-4.4,-0.1,,poolejo01
274,Gary Payton II,33,GSW,SG,19,1,210,13.1,.510,.351,.035,8.3,20.0,14.1,19.9,2.7,2.6,14.7,13.6,0.1,0.3,0.5,.113,-2.4,2.3,-0.1,0.1,,paytoga02
275,Isaiah Collier,21,UTA,PG,9,1,209,11.7,.622,.157,.627,1.0,12.3,6.5,34.3,1.1,1.4,27.8,17.5,0.1,0.0,0.2,.035,-3.0,-1.7,-4.7,-0.1,,colliis01
276,Drake Powell,20,BRK,SG,11,0,208,11.5,.626,.382,.236,2.1,10.6,6.1,16.4,2.4,0.4,17.6,15.2,0.1,0.1,0.2,.047,-2.9,0.4,-2.5,0.0,,poweldr01
277,Walter Clayton,22,UTA,PG,13,0,207,9.8,.521,.557,.230,3.1,11.3,7.1,27.8,1.4,1.9,21.1,16.7,0.0,0.1,0.1,.019,-2.6,-0.6,-3.2,-0.1,,claytwa01
278,Kobe Sanders,23,LAC,SG,10,3,200,7.1,.564,.582,.291,3.0,5.7,4.4,8.5,1.5,1.0,18.4,16.8,-0.1,0.0,-0.1,-0.016,-4.4,-1.9,-6.3,-0.2,,sandeko01
279,Caleb Love,24,POR,SG,11,0,197,7.7,.413,.614,.099,4.1,15.5,9.5,18.2,1.0,0.0,8.7,23.1,-0.2,0.1,-0.1,-0.032,-3.7,-3.1,-6.7,-0.2,,loveca01
280,Dominick Barlow,22,PHI,PF,8,5,197,11.9,.610,.341,.227,9.4,12.4,10.9,11.0,0.7,4.1,19.9,12.8,0.2,0.1,0.3,.076,-1.5,-0.1,-1.7,0.0,,barlodo01
281,Nick Richards,28,PHO,C,19,2,196,12.8,.572,.000,.509,15.4,23.7,19.6,3.5,0.5,5.3,22.0,18.3,0.0,0.3,0.3,.063,-4.8,-1.1,-6.0,-0.2,,richani01
282,Tyrese Proctor,21,CLE,PG,16,0,191,7.9,.463,.638,.213,1.1,10.5,5.7,15.0,1.2,0.0,7.4,20.4,-0.1,0.2,0.1,.024,-5.0,-1.1,-6.2,-0.2,,proctty01
283,Chris Paul,40,LAC,PG,13,0,187,8.5,.396,.619,.048,3.8,11.0,7.5,33.7,2.7,0.0,24.6,13.4,-0.1,0.1,0.0,-0.003,-3.9,-0.6,-4.5,-0.1,,paulch01
284,Jeremy Sochan,22,SAS,PF,11,0,182,11.4,.585,.382,.236,5.8,17.1,11.7,14.4,1.1,1.5,16.5,17.0,0.1,0.2,0.4,.099,-2.9,0.4,-2.5,0.0,,sochaje01
285,Jaden Hardy,23,DAL,SG,16,0,178,9.1,.553,.641,.256,2.3,9.7,6.1,6.3,1.1,0.9,13.9,23.6,-0.2,0.2,0.0,.008,-3.0,-0.9,-3.9,-0.1,,hardyja02
286,Adem Bona,22,PHI,C,12,3,177,9.6,.481,.050,.800,9.2,16.4,12.7,2.1,1.4,10.1,20.6,8.0,0.0,0.2,0.2,.056,-4.7,2.1,-2.6,0.0,,bonaad01
287,Rob Dillingham,21,MIN,PG,16,0,175,9.0,.425,.215,.165,1.9,9.8,5.9,25.8,4.1,0.0,17.5,24.7,-0.4,0.3,-0.1,-0.036,-7.1,0.4,-6.7,-0.2,,dilliro01
288,Ochai Agbaji,25,TOR,SG,13,1,171,4.3,.428,.400,.250,2.0,12.3,7.2,5.7,1.4,0.6,8.3,12.0,-0.1,0.2,0.1,.016,-6.8,-0.5,-7.2,-0.2,,agbajoc01
289,Mitchell Robinson,27,NYK,C,10,9,171,18.2,.601,.000,.346,27.1,23.7,25.5,6.5,2.0,6.7,18.9,9.0,0.4,0.3,0.7,.200,0.5,0.0,0.6,0.1,,robinmi01
290,Jonathan Isaac,28,ORL,PF,17,0,170,12.2,.529,.561,.293,9.3,26.3,17.9,1.6,1.7,4.1,11.5,12.9,0.0,0.3,0.3,.098,-2.2,0.7,-1.5,0.0,,isaacjo01
291,Guerschon Yabusele,30,NYK,C,16,0,170,6.2,.430,.667,.133,8.1,16.4,12.0,5.0,0.6,1.8,7.7,12.6,0.0,0.1,0.1,.034,-4.2,-1.3,-5.5,-0.2,,yabusgu01
292,Taurean Prince,31,MIL,SF,8,0,169,7.7,.623,.737,.079,0.0,8.7,4.4,6.0,1.7,1.1,11.3,11.4,0.1,0.1,0.2,.049,-3.2,-0.3,-3.5,-0.1,,princta02
293,Paul Reed,26,DET,C,14,2,168,25.8,.720,.140,.246,16.5,21.2,18.8,14.3,4.0,6.5,18.1,18.9,0.5,0.4,0.9,.247,2.5,3.5,6.0,0.3,,reedpa01
294,Baylor Scheierman,25,BOS,SG,14,0,164,12.9,.827,.774,.032,3.9,15.2,9.5,5.6,0.9,1.2,8.7,9.0,0.4,0.1,0.5,.159,-0.1,0.4,0.3,0.1,,scheiba01
295,Robert Williams,28,POR,C,12,0,164,22.1,.667,.133,.111,13.7,22.1,17.7,8.1,2.3,8.7,7.8,12.3,0.4,0.3,0.7,.194,3.0,2.0,5.0,0.3,,williro04
296,RayJ Dennis,24,IND,PG,12,0,162,7.1,.433,.529,.129,4.9,7.5,6.1,23.8,0.9,2.2,15.9,22.2,-0.3,0.1,-0.2,-0.068,-3.5,-1.9,-5.4,-0.1,,dennira01
297,Liam McNeeley,20,CHO,SF,12,0,161,6.7,.504,.667,.357,3.6,15.0,9.3,9.9,0.6,0.5,12.6,14.4,0.0,0.0,0.0,.015,-3.9,-1.9,-5.8,-0.2,,mcneeli01
298,Nae'Qwan Tomlin,25,CLE,PF,10,1,161,15.5,.582,.370,.296,9.8,9.0,9.4,4.5,2.4,3.9,4.7,16.4,0.3,0.2,0.5,.152,-1.4,1.1,-0.3,0.1,,tomlina01
299,Justin Champagnie,24,WAS,SF,15,3,160,13.9,.501,.378,.486,13.8,16.7,15.3,8.8,2.6,1.1,6.3,12.5,0.2,0.1,0.3,.093,-1.6,-0.9,-2.6,0.0,,champju01
300,Isaiah Livers,27,PHO,PF,13,0,158,8.0,.506,.828,.207,5.7,14.4,10.0,3.9,2.1,3.0,13.6,9.7,0.0,0.2,0.2,.071,-3.3,1.0,-2.3,0.0,,liveris01
301,Clint Capela,31,HOU,C,15,0,157,21.9,.586,.000,.250,26.5,23.9,25.2,5.1,2.2,5.1,10.1,13.0,0.4,0.3,0.7,.228,2.5,-0.2,2.4,0.2,,capelca01
302,Moussa Cisse,23,DAL,C,15,1,157,13.5,.583,.000,.806,15.2,20.0,17.6,2.9,1.2,9.4,23.6,14.6,-0.1,0.3,0.3,.088,-5.8,2.2,-3.7,-0.1,,cissemo01
303,Hugo González,19,BOS,SF,14,1,157,8.5,.497,.333,.152,5.4,11.7,8.6,8.0,3.5,1.3,14.6,11.3,0.0,0.2,0.2,.069,-4.9,2.3,-2.5,0.0,,gonzahu01
304,Taylor Hendricks,22,UTA,PF,11,3,157,9.9,.455,.455,.227,11.6,17.1,14.3,5.2,1.5,1.9,11.0,14.1,0.0,0.1,0.0,.013,-2.4,-2.1,-4.5,-0.1,,hendrta01
305,Dylan Harper,19,SAS,SG,7,0,157,16.6,.563,.222,.278,5.9,13.0,9.6,24.2,1.8,0.0,12.0,24.8,0.2,0.2,0.4,.135,-0.4,0.6,0.2,0.1,,harpedy01
306,Caleb Martin,30,DAL,SF,16,0,154,4.6,.407,.346,.308,6.1,9.2,7.7,13.1,1.8,1.1,19.2,9.9,-0.1,0.2,0.1,.034,-7.3,1.6,-5.7,-0.1,,martica02
307,Ousmane Dieng,22,OKC,C,14,0,154,6.9,.469,.488,.093,3.0,13.7,8.6,9.1,0.3,3.3,11.8,14.2,-0.1,0.3,0.2,.059,-4.1,0.2,-3.9,-0.1,,diengou01
308,Jett Howard,22,ORL,SF,14,0,154,15.5,.598,.647,.074,2.9,8.7,5.8,10.8,0.6,1.7,1.4,19.4,0.3,0.1,0.5,.147,2.4,-0.8,1.6,0.1,,howarje01
309,Walker Kessler,24,UTA,C,5,5,154,20.7,.786,.216,.541,16.0,22.5,19.1,14.5,2.1,5.8,25.9,16.3,0.3,0.2,0.5,.151,1.3,1.8,3.2,0.2,,kesslwa01
310,Keegan Murray,25,SAC,PF,4,3,152,16.1,.569,.452,.145,3.6,18.9,11.1,6.9,1.6,2.5,1.5,18.8,0.2,0.1,0.3,.084,1.4,-0.4,1.0,0.1,,murrake02
311,Pat Spencer,29,GSW,PG,12,0,151,13.2,.467,.321,.250,6.5,10.2,8.4,30.0,2.5,0.6,11.4,19.6,0.1,0.2,0.3,.086,-1.9,0.8,-1.1,0.0,,spencpa01
312,Spencer Jones,24,DEN,SF,13,2,149,4.1,.571,.643,.429,8.8,2.8,5.6,4.5,2.3,0.6,32.5,7.0,0.0,0.1,0.1,.044,-5.3,0.2,-5.1,-0.1,,jonessp01
313,Anthony Davis,32,DAL,PF,5,5,149,23.5,.587,.147,.413,11.9,23.1,17.6,13.8,2.5,3.3,11.0,27.9,0.2,0.3,0.5,.161,2.8,1.6,4.4,0.2,,davisan02
314,Trayce Jackson-Davis,25,GSW,C,12,1,148,14.5,.566,.000,.526,15.5,13.4,14.5,11.9,1.0,4.3,14.6,15.6,0.2,0.2,0.4,.122,-2.5,-0.5,-3.0,0.0,,jackstr02
315,Aaron Holiday,29,HOU,PG,11,0,148,15.1,.634,.656,.311,1.5,4.5,3.0,11.4,1.4,0.7,11.5,21.8,0.4,0.1,0.5,.158,2.4,-0.1,2.4,0.2,,holidaa01
316,Maxime Raynaud,22,SAC,C,11,0,145,10.1,.502,.128,.234,6.8,21.4,13.9,5.8,1.3,1.9,10.4,17.0,-0.1,0.1,0.0,.008,-4.4,-1.2,-5.6,-0.1,,raynama01
317,Gary Harris,31,MIL,SG,12,0,144,10.6,.663,.524,.095,1.6,8.7,5.1,11.1,3.3,1.3,12.1,7.5,0.2,0.1,0.3,.108,-3.0,2.6,-0.4,0.1,,harriga01
318,Cam Christie,20,LAC,SG,13,0,142,13.4,.543,.489,.574,4.2,16.9,10.7,9.2,1.4,1.4,7.8,19.8,0.1,0.1,0.2,.059,-0.8,-1.4,-2.2,0.0,,chrisca02
319,Cody Williams,21,UTA,SG,11,0,141,0.6,.335,.500,.083,2.3,5.5,3.9,5.6,1.0,1.4,9.7,11.9,-0.3,0.0,-0.3,-0.089,-8.1,-2.9,-11.0,-0.3,,willico04
320,Zach Edey,23,MEM,C,6,6,141,22.0,.701,.070,.442,15.6,24.5,20.0,5.6,2.0,6.7,16.3,18.1,0.3,0.2,0.6,.192,0.0,1.6,1.6,0.1,,edeyza01
321,Jericho Sims,27,MIL,C,14,1,140,9.4,.793,.000,.286,8.9,14.6,11.7,7.9,1.0,2.7,33.7,7.4,0.1,0.1,0.2,.086,-4.3,-0.1,-4.3,-0.1,,simsje01
322,Terrence Shannon Jr.,25,MIN,SG,9,0,140,8.0,.563,.417,.250,2.4,13.0,7.8,8.5,1.4,0.0,13.1,13.8,0.0,0.1,0.2,.063,-3.9,0.0,-3.9,-0.1,,shannte01
323,Joel Embiid,31,PHI,C,6,6,140,23.8,.576,.322,.402,7.0,19.1,13.0,25.1,1.7,5.7,13.5,35.3,0.2,0.2,0.3,.117,3.2,1.4,4.6,0.2,,embiijo01
324,Kevin Love,37,UTA,PF,10,0,139,12.6,.578,.789,.316,7.7,27.3,17.3,19.6,0.3,2.8,18.8,15.5,0.1,0.1,0.2,.072,-0.6,0.4,-0.2,0.1,,loveke01
325,Trae Young,27,ATL,PG,5,5,139,16.8,.511,.371,.557,0.0,7.9,4.0,39.6,1.4,0.7,10.3,29.7,0.2,0.1,0.3,.091,0.9,-1.5,-0.6,0.1,,youngtr01
326,Karlo Matković,24,NOP,PF,12,0,137,17.8,.728,.243,.216,6.0,22.1,13.4,11.3,0.7,4.7,11.0,13.8,0.3,0.0,0.4,.125,1.3,-0.1,1.2,0.1,,matkoka01
327,T.J. McConnell,33,IND,PG,8,0,136,19.4,.536,.211,.013,1.5,15.4,8.0,46.7,2.4,0.0,8.4,25.1,0.2,0.1,0.3,.099,1.6,0.0,1.6,0.1,,mccontj01
328,Amir Coffey,28,MIL,SG,15,0,134,6.4,.538,.429,.143,3.4,8.5,5.9,7.3,0.0,0.7,4.3,7.6,0.1,0.0,0.1,.046,-3.0,-2.2,-5.1,-0.1,,coffeam01
329,Julian Phillips,22,CHI,SF,16,0,132,10.6,.516,.514,.057,9.0,6.8,7.8,3.9,2.5,3.1,5.3,11.9,0.1,0.1,0.2,.067,-2.4,0.0,-2.4,0.0,,phillju01
330,Chaz Lanier,24,DET,SG,12,0,130,10.3,.520,.900,.075,5.1,6.6,5.9,9.7,1.1,0.0,2.4,13.4,0.2,0.1,0.3,.104,-0.3,-1.3,-1.6,0.0,,laniech01
331,Darius Garland,26,CLE,PG,5,5,129,12.3,.512,.466,.293,3.3,6.9,5.1,32.6,1.1,0.0,16.6,25.1,0.0,0.1,0.1,.050,-1.8,-3.2,-4.9,-0.1,,garlada01
332,Dwight Powell,34,DAL,C,14,0,128,9.9,.678,.000,1.500,11.4,11.1,11.2,9.4,1.5,1.3,20.1,8.1,0.2,0.2,0.4,.151,-5.0,1.7,-3.3,0.0,,poweldw01
333,Tristan Vukcevic,22,WAS,C,14,1,127,10.2,.524,.471,.235,5.0,17.0,11.1,9.1,1.8,4.8,19.9,23.1,-0.2,0.1,-0.2,-0.068,-5.3,-1.4,-6.6,-0.1,,vukcetr01
334,Gabe Vincent,29,LAL,PG,6,3,126,3.2,.492,.842,.158,1.0,2.7,1.9,7.6,1.5,0.0,16.4,8.3,0.0,0.1,0.0,.015,-5.2,-0.1,-5.3,-0.1,,vincega01
335,Coby White,25,CHI,SG,4,2,124,19.2,.624,.613,.548,0.0,10.4,5.4,32.3,1.5,0.0,16.3,30.7,0.2,0.1,0.3,.102,2.3,-2.2,0.1,0.1,,whiteco01
336,Bradley Beal,32,LAC,SG,6,6,121,5.1,.476,.396,.167,2.0,2.8,2.4,12.4,1.2,0.0,14.9,22.0,-0.2,0.0,-0.2,-0.093,-6.6,-4.4,-11.0,-0.3,,bealbr01
337,Bones Hyland,25,MIN,PG,13,0,118,13.1,.596,.610,.098,1.9,11.8,7.0,21.7,2.4,0.0,15.8,18.1,0.1,0.1,0.3,.106,-2.1,0.6,-1.5,0.0,,hylanbo01
338,Kevon Looney,29,NOP,C,9,6,118,9.6,.384,.269,.231,14.0,20.6,17.0,14.5,0.8,4.5,14.9,11.9,0.0,0.0,0.0,.010,-4.3,-0.9,-5.2,-0.1,,looneke01
339,Tyler Kolek,24,NYK,PG,13,0,116,9.9,.531,.486,.171,1.8,7.0,4.3,24.7,1.2,0.0,15.7,16.0,0.1,0.1,0.2,.065,-2.2,-0.6,-2.9,0.0,,kolekty01
340,Pat Connaughton,33,CHO,SG,12,0,116,15.5,.623,.649,.243,3.9,18.9,11.4,8.9,2.1,0.8,6.8,15.8,0.2,0.1,0.3,.114,1.0,0.5,1.5,0.1,,connapa01
341,Dereck Lively II,21,DAL,C,7,4,115,14.9,.670,.000,.556,12.7,20.2,16.5,16.2,1.6,7.8,30.9,11.8,0.1,0.2,0.4,.147,-3.8,3.9,0.1,0.1,,livelde01
342,Jevon Carter,30,CHI,PG,8,0,114,14.3,.635,.837,.140,1.9,8.7,5.4,10.8,2.4,0.0,8.1,18.0,0.2,0.1,0.2,.101,0.5,-0.1,0.4,0.1,,carteje01
343,Jared McCain,21,PHI,SG,8,0,113,4.7,.432,.458,.083,1.0,6.9,3.9,11.1,0.8,0.0,7.4,19.9,-0.1,0.0,-0.1,-0.048,-6.1,-2.9,-9.1,-0.2,,mccaija01
344,Brooks Barnhizer,23,OKC,SG,15,0,112,9.4,.560,.118,.235,6.3,23.5,15.3,5.5,0.9,1.8,9.6,8.0,0.1,0.3,0.3,.146,-2.9,1.6,-1.2,0.0,,barnhbr01
345,Bronny James,21,LAL,SG,11,1,112,6.0,.364,.429,.071,4.5,5.1,4.8,21.0,3.4,0.9,21.7,14.1,-0.2,0.1,0.0,-0.015,-5.3,0.5,-4.8,-0.1,,jamesbr02
346,Olivier-Maxence Prosper,23,MEM,PF,11,0,111,14.5,.602,.290,.710,8.5,16.6,12.5,7.7,0.9,0.9,10.9,17.1,0.2,0.1,0.3,.121,-1.3,-1.5,-2.9,0.0,,prospol01
347,Gui Santos,23,GSW,PF,15,1,110,6.1,.505,.706,.176,10.9,12.0,11.5,6.5,1.7,0.8,23.1,18.3,-0.2,0.1,-0.1,-0.022,-6.0,-1.4,-7.5,-0.2,,santogu01
348,Duop Reath,29,POR,C,15,0,109,13.8,.781,.844,.000,1.9,8.3,4.9,5.3,0.9,0.8,5.9,12.3,0.3,0.0,0.3,.137,2.5,-0.8,1.7,0.1,,reathdu01
349,Branden Carlson,26,OKC,C,13,0,109,16.0,.567,.488,.122,6.4,16.4,11.7,10.4,0.9,7.5,6.5,18.3,0.1,0.3,0.4,.172,-1.3,1.2,-0.1,0.1,,carlsbr01
350,Kobe Brown,26,LAC,PF,11,0,108,10.1,.594,.577,.154,6.6,12.7,9.7,14.5,0.0,0.0,17.8,13.8,0.1,0.0,0.1,.032,-0.4,-2.6,-3.0,0.0,,brownko01
351,KJ Simpson,23,CHO,PG,8,0,105,8.1,.436,.372,.093,3.3,14.3,8.7,27.5,2.3,0.0,19.7,22.1,-0.2,0.1,-0.1,-0.060,-4.6,-1.0,-5.7,-0.1,,simpskj01
352,Quenton Jackson,27,IND,PG,5,3,101,21.0,.657,.324,.486,4.9,13.1,8.8,30.4,2.3,0.9,11.8,20.7,0.3,0.1,0.4,.182,3.0,2.0,5.0,0.2,,jacksqu01
353,Nigel Hayes-Davis,31,PHO,SF,13,0,100,5.3,.402,.375,.083,7.8,10.2,9.0,6.4,2.4,0.0,16.7,12.4,-0.1,0.1,0.0,-0.001,-6.0,-0.5,-6.5,-0.1,,hayesni01
354,Javon Small,23,MEM,PG,8,0,99,8.6,.525,.679,.357,1.1,7.6,4.3,30.5,0.0,1.0,19.8,16.9,0.0,0.0,0.0,.021,-2.0,-2.5,-4.5,-0.1,,smallja01
355,Blake Wesley,22,POR,SG,6,0,98,12.6,.469,.294,.294,2.1,13.9,7.7,27.0,4.8,0.9,15.4,18.3,0.0,0.1,0.1,.058,-4.3,3.5,-0.8,0.0,,weslebl01
356,Ben Saraf,19,BRK,SG,7,5,97,3.0,.377,.481,.296,3.3,12.7,7.7,24.7,1.0,0.0,22.8,17.5,-0.2,0.0,-0.2,-0.112,-6.8,-2.7,-9.5,-0.2,,sarafbe01
357,Jamison Battle,24,TOR,SF,14,0,96,16.2,.883,.630,.111,1.2,17.3,9.4,2.9,1.0,1.0,15.0,14.7,0.2,0.1,0.3,.154,2.8,0.5,3.3,0.1,,battlja01
358,Asa Newell,20,ATL,PF,12,0,96,15.5,.619,.529,.265,10.5,11.4,11.0,4.3,2.5,2.9,9.5,18.6,0.1,0.1,0.3,.132,-1.0,-0.7,-1.7,0.0,,newelas01
359,Rayan Rupert,21,POR,SG,12,0,96,5.7,.442,.500,.182,2.1,26.0,13.4,5.4,2.9,0.9,20.2,12.2,-0.1,0.1,0.0,-0.009,-6.8,1.0,-5.8,-0.1,,ruperra01
360,LeBron James,41,LAL,SF,3,3,96,20.4,.585,.300,.300,2.6,15.4,9.3,41.0,1.5,1.0,11.7,22.9,0.2,0.1,0.3,.170,3.4,0.8,4.2,0.2,,jamesle01
361,Kelly Olynyk,34,SAS,C,8,0,95,13.4,.589,.458,.542,9.8,17.0,13.5,24.9,1.5,0.0,23.2,17.3,0.1,0.1,0.2,.126,-1.5,1.2,-0.3,0.0,,olynyke01
362,Noah Penda,21,ORL,SF,10,0,94,20.2,.646,.259,.333,19.3,17.8,18.6,17.9,0.5,2.8,11.4,15.6,0.3,0.1,0.4,.226,3.5,-0.6,2.9,0.1,,pendano01
363,Bryce McGowens,23,NOP,SG,9,0,94,15.5,.659,.320,.760,2.2,9.0,5.3,10.7,1.5,2.3,8.3,16.1,0.2,0.0,0.2,.117,0.2,-0.8,-0.6,0.0,,mcgowbr01
364,Kyle Anderson,32,UTA,SF,5,0,93,15.8,.576,.000,.310,5.7,13.2,9.4,32.1,2.0,1.1,13.2,16.6,0.2,0.0,0.2,.113,-0.2,0.8,0.5,0.1,,anderky01
365,Brandon Miller,23,CHO,SF,4,4,93,16.7,.544,.545,.309,0.0,6.2,3.1,25.5,2.1,1.9,10.1,31.1,0.1,0.0,0.1,.062,-0.1,-1.3,-1.4,0.0,,millebr02
366,Taelon Peter,23,IND,SG,11,0,91,5.5,.395,.917,.125,4.3,13.3,8.6,21.4,1.0,2.0,24.0,15.0,-0.2,0.1,-0.1,-0.061,-4.3,-0.7,-5.0,-0.1,,peterta01
367,Chris Boucher,33,BOS,PF,8,0,91,7.7,.379,.545,.182,2.3,19.0,10.6,4.1,2.7,7.6,4.0,11.7,-0.1,0.2,0.1,.049,-6.3,2.8,-3.5,0.0,,bouchch01
368,Keshad Johnson,24,MIA,SF,8,0,91,9.3,.443,.455,.212,9.3,15.8,12.7,1.4,1.5,4.0,7.7,17.4,-0.1,0.2,0.1,.040,-4.6,-0.3,-4.9,-0.1,,johnske10
369,Dalen Terry,23,CHI,SG,10,0,90,10.2,.498,.350,.350,3.6,11.0,7.5,21.1,2.1,2.7,14.8,12.4,0.0,0.1,0.1,.058,-3.6,1.3,-2.3,0.0,,terryda01
370,Nick Smith Jr.,21,LAL,SG,6,0,90,9.7,.548,.486,.081,0.0,7.6,4.0,20.6,1.6,1.1,20.7,23.0,-0.1,0.1,0.0,-0.019,-2.5,-2.5,-5.1,-0.1,,smithni01
371,Tidjane Salaün,20,CHO,PF,7,0,83,9.7,.508,.632,.316,6.9,27.7,17.3,8.0,1.2,1.1,12.2,12.4,0.0,0.1,0.1,.047,-3.0,-1.1,-4.1,0.0,,salauti01
372,Obi Toppin,27,IND,PF,3,0,82,12.1,.526,.472,.250,3.6,22.8,12.7,10.1,1.7,0.0,13.1,23.0,-0.1,0.1,0.0,.014,-2.3,-0.7,-3.0,0.0,,toppiob01
373,Thomas Bryant,28,CLE,C,13,0,81,10.2,.433,.516,.097,7.8,19.3,13.4,3.5,2.3,4.5,5.8,17.5,-0.1,0.1,0.1,.033,-5.5,0.1,-5.5,-0.1,,bryanth01
374,Chris Youngblood,23,OKC,SG,16,0,80,7.5,.528,.864,.273,2.9,11.8,7.6,6.2,0.6,0.0,3.9,13.9,0.1,0.1,0.2,.120,-4.6,-1.0,-5.6,-0.1,,youngch01
375,Carter Bryant,20,SAS,PF,12,0,79,3.0,.382,.529,.088,4.4,19.1,12.0,0.0,1.8,1.2,14.5,22.2,-0.3,0.1,-0.2,-0.102,-8.0,-2.8,-10.9,-0.2,,bryanca01
376,Will Riley,19,WAS,SF,12,0,79,10.3,.450,.250,.250,4.0,15.6,9.9,17.2,1.8,0.0,10.1,15.6,0.0,0.0,0.0,-0.014,-2.9,-1.7,-4.6,-0.1,,rileywi01
377,Maxi Kleber,34,LAL,PF,6,0,78,6.9,.557,.556,.222,8.1,11.7,10.0,6.2,0.6,3.8,9.2,6.0,0.1,0.1,0.1,.090,-3.4,0.5,-2.8,0.0,,klebima01
378,Ariel Hukporti,23,NYK,C,11,2,74,7.8,.418,.000,.444,14.2,21.9,17.9,9.5,0.7,4.2,31.7,8.8,0.0,0.1,0.1,.041,-4.3,0.3,-4.0,0.0,,hukpoar01
379,Jordan McLaughlin,29,SAS,PG,8,0,74,15.1,.553,.625,.125,4.7,4.4,4.5,18.2,4.6,0.0,7.3,15.7,0.1,0.1,0.3,.166,-0.3,3.5,3.2,0.1,,mclaujo01
380,Luke Travers,24,CLE,SG,8,0,73,9.4,.311,.480,.360,5.8,16.8,11.2,10.1,3.9,4.9,3.3,16.9,-0.1,0.2,0.0,.020,-5.6,2.6,-3.1,0.0,,travelu01
381,Yang Hansen,20,POR,C,10,0,71,6.0,.394,.375,.250,7.2,17.6,12.1,13.7,0.0,5.0,16.5,23.7,-0.2,0.0,-0.1,-0.096,-6.7,-1.4,-8.1,-0.1,,yangha01
382,Julian Strawther,23,DEN,SG,9,0,71,7.7,.462,.533,.433,0.0,20.6,11.0,7.3,0.0,1.3,7.7,23.2,-0.1,0.1,0.0,-0.008,-6.5,-2.8,-9.3,-0.1,,strawju01
383,Jase Richardson,20,ORL,SG,11,0,68,13.1,.615,.478,.217,1.7,9.9,5.8,21.0,0.7,0.0,13.7,18.0,0.1,0.0,0.2,.107,0.1,-1.2,-1.1,0.0,,richaja02
384,Mason Plumlee,35,CHO,C,8,1,66,13.2,.847,.000,1.750,8.7,24.4,16.5,17.6,1.5,0.0,36.1,7.0,0.1,0.0,0.1,.101,-0.4,1.2,0.8,0.0,,plumlma01
385,Elijah Harkless,25,UTA,SG,7,0,66,7.5,.568,.636,.818,3.2,6.8,5.0,9.7,2.9,0.0,16.7,11.0,0.0,0.0,0.1,.046,-5.1,1.6,-3.5,0.0,,harklej01
386,Paul George,35,PHI,PF,3,3,66,17.6,.526,.516,.516,1.6,21.9,11.7,24.7,2.2,4.0,13.6,27.9,0.0,0.1,0.1,.068,1.0,1.7,2.6,0.1,,georgpa01
387,Devin Carter,23,SAC,PG,8,0,65,7.0,.366,.524,.238,5.1,15.9,10.4,17.7,4.4,1.4,20.5,19.2,-0.2,0.1,-0.1,-0.087,-6.5,1.9,-4.7,0.0,,cartede02
388,Xavier Tillman Sr.,27,BOS,C,8,0,65,15.3,.556,.444,.000,11.5,16.7,14.1,10.3,2.3,1.5,5.3,12.5,0.1,0.1,0.2,.159,0.6,1.4,2.0,0.1,,tillmxa01
389,Monte Morris,30,IND,PG,6,0,65,7.1,.414,.400,.200,1.5,10.2,5.6,20.5,0.7,1.4,8.4,15.0,-0.1,0.0,0.0,-0.018,-4.6,-1.9,-6.5,-0.1,,morrimo01
390,Zeke Nnaji,25,DEN,PF,8,1,62,7.8,.625,.692,.385,1.9,18.5,10.8,3.9,1.6,3.0,20.8,13.2,0.0,0.1,0.1,.064,-5.1,0.5,-4.7,0.0,,nnajize01
391,Ryan Nembhard,22,DAL,PG,6,0,62,5.1,.386,.273,.136,1.7,4.9,3.3,38.7,0.0,0.0,20.5,19.7,-0.1,0.0,-0.1,-0.082,-5.5,-3.0,-8.5,-0.1,,nembhry01
392,Tyler Herro,26,MIA,SG,2,2,62,30.0,.726,.212,.242,3.4,15.4,9.7,19.2,2.9,1.5,5.2,25.2,0.3,0.1,0.4,.297,9.0,5.1,14.1,0.3,,herroty01
393,Andre Jackson Jr.,24,MIL,SG,8,0,58,6.6,.324,.615,.154,5.8,5.9,5.9,26.8,3.3,1.6,22.4,13.4,-0.1,0.1,0.0,-0.007,-6.0,-0.1,-6.2,-0.1,,jacksan01
394,Cody Martin,30,IND,SF,4,0,55,3.1,.277,.500,.600,1.8,26.1,13.3,4.9,3.4,3.2,24.0,12.4,-0.2,0.1,-0.1,-0.092,-10.1,1.9,-8.2,-0.1,,martico01
395,GG Jackson II,21,MEM,PF,8,0,54,5.1,.313,.429,.321,5.8,22.0,13.8,5.3,3.5,1.8,5.9,26.1,-0.2,0.1,-0.2,-0.136,-9.7,-1.7,-11.3,-0.1,,jacksgg01
396,Lindy Waters III,28,SAS,SG,7,0,54,9.1,.567,.933,.000,2.2,13.9,8.3,7.3,0.9,0.0,0.0,11.8,0.1,0.1,0.1,.116,-1.3,-0.1,-1.4,0.0,,waterli01
397,Rasheer Fleming,21,PHO,PF,9,0,53,5.0,.368,.600,.200,14.8,12.8,13.8,4.9,0.9,1.8,12.1,19.4,-0.1,0.0,0.0,-0.030,-7.9,-3.8,-11.6,-0.1,,flemira01
398,Jae'Sean Tate,30,HOU,SF,9,0,53,4.2,.500,.308,.000,2.1,14.6,8.4,2.4,0.9,0.0,7.1,10.9,0.0,0.1,0.1,.055,-8.1,-0.4,-8.5,-0.1,,tateja01
399,Jalen Pickett,26,DEN,SG,7,1,53,8.6,.583,.467,.067,4.5,9.8,7.3,16.6,0.0,0.0,20.6,15.6,0.0,0.0,0.0,.045,-2.2,-2.1,-4.2,0.0,,pickeja02
400,Bobi Klintman,22,DET,SF,6,0,53,4.2,.381,.524,.143,10.4,22.3,16.5,9.8,1.8,0.0,18.3,21.2,-0.2,0.1,-0.1,-0.069,-8.6,-2.1,-10.7,-0.1,,klintbo01
401,Drew Peterson,26,CHO,PF,4,0,53,1.2,.168,.786,.143,4.3,10.9,7.6,4.7,2.7,1.7,0.0,11.7,-0.2,0.0,-0.1,-0.106,-8.8,-1.4,-10.2,-0.1,,peterdr01
402,JD Davison,23,HOU,PG,7,0,52,18.8,.776,.583,.167,0.0,2.1,1.1,20.7,2.9,1.9,0.0,10.2,0.2,0.1,0.3,.246,3.5,3.6,7.1,0.1,,davisjd01
403,David Jones García,24,SAS,SF,6,0,49,22.5,.542,.105,.263,9.5,15.4,12.5,39.5,3.9,1.9,12.4,21.0,0.1,0.1,0.2,.207,3.1,3.3,6.4,0.1,,jonesda06
404,Matisse Thybulle,28,POR,SG,4,0,49,21.5,.850,.600,.400,0.0,9.3,4.4,8.3,9.6,0.0,7.8,10.3,0.2,0.1,0.3,.268,0.4,10.4,10.9,0.2,,thybuma01
405,Jordan Miller,26,LAC,SF,3,0,49,18.6,.717,.563,.500,7.3,11.7,9.5,9.4,1.0,0.0,13.3,20.3,0.1,0.0,0.1,.140,4.8,-2.8,2.0,0.1,,millejo02
406,Malaki Branham,22,WAS,SG,7,0,48,17.7,.628,.529,.706,6.6,12.8,9.8,14.9,1.0,0.0,11.9,22.0,0.1,0.0,0.1,.104,1.4,-2.4,-1.0,0.0,,branhma01
407,Bismack Biyombo,33,SAS,C,6,0,46,3.6,.500,.000,.000,5.1,9.4,7.3,5.1,3.2,2.0,50.0,3.7,0.0,0.1,0.1,.060,-6.4,2.8,-3.6,0.0,,biyombi01
408,Eric Gordon,37,PHI,SG,4,0,44,15.8,1.000,.667,.000,2.5,2.5,2.5,9.8,3.3,0.0,25.0,11.4,0.1,0.0,0.1,.128,2.2,0.8,3.0,0.1,,gordoer01
409,Wendell Moore Jr.,24,DET,SG,3,0,43,7.7,.500,.167,.000,2.6,7.5,5.1,8.4,2.2,2.3,14.3,6.7,0.0,0.1,0.1,.067,-3.9,1.3,-2.6,0.0,,moorewe01
410,Yanic Konan Niederhauser,22,LAC,C,9,0,42,25.1,.713,.000,.571,19.8,13.6,16.6,12.4,0.0,4.6,10.2,20.5,0.2,0.0,0.2,.209,3.4,-1.6,1.8,0.0,,konanya01
411,Jaden Ivey,23,DET,SG,3,0,42,17.7,.533,.440,.200,5.3,15.4,10.4,11.2,2.3,0.0,6.8,28.6,0.0,0.1,0.1,.104,-0.1,-1.7,-1.8,0.0,,iveyja01
412,AJ Johnson,21,WAS,SG,8,0,38,1.3,.274,.182,.364,5.6,8.1,6.8,13.0,0.0,0.0,7.3,15.1,-0.1,0.0,-0.1,-0.141,-7.7,-4.7,-12.4,-0.1,,johnsaj01
413,Khaman Maluach,19,PHO,C,8,0,38,6.1,.618,.429,1.143,3.0,14.9,8.9,3.3,0.0,10.0,32.2,17.0,-0.1,0.0,0.0,-0.004,-10.4,1.2,-9.1,-0.1,,maluakh01
414,Caleb Houstan,23,ATL,SF,7,0,38,11.8,.690,.727,.273,8.8,2.9,5.8,6.9,1.2,2.5,19.6,17.1,0.0,0.0,0.1,.088,-1.5,-2.2,-3.6,0.0,,houstca01
415,Joan Beringer,19,MIN,PF,9,0,37,16.3,.731,.000,.273,6.1,29.0,17.8,0.0,1.3,4.8,14.0,16.3,0.1,0.1,0.1,.160,-4.0,1.1,-2.9,0.0,,berinjo01
416,Leonard Miller,22,MIN,SF,8,0,37,10.3,.528,.417,.417,3.0,29.0,16.3,15.2,2.6,0.0,22.0,20.7,-0.1,0.1,0.0,.026,-7.3,0.9,-6.4,0.0,,millele01
417,Johnny Furphy,21,IND,SG,3,0,37,4.9,.667,.500,.000,2.7,14.9,8.5,0.0,2.6,0.0,33.3,10.0,0.0,0.0,0.0,-0.015,-6.9,1.3,-5.6,0.0,,furphjo01
418,Mohamed Diawara,20,NYK,SF,11,0,35,7.6,.506,.556,.222,6.0,16.6,11.0,18.1,2.8,3.0,28.8,16.4,0.0,0.1,0.0,.005,-5.0,1.1,-3.9,0.0,,diawamo01
419,Jonathan Mogbo,24,TOR,PF,7,0,35,11.6,.500,.000,.000,9.9,18.9,14.5,13.9,1.4,5.6,14.3,8.5,0.0,0.1,0.1,.130,-1.4,2.1,0.7,0.0,,mogbojo01
420,Nolan Traoré,19,BRK,PG,4,0,35,2.3,.354,.667,.222,0.0,3.5,1.6,19.7,2.8,0.0,16.8,14.6,-0.1,0.0,-0.1,-0.090,-8.3,-2.0,-10.3,-0.1,,traorno01
421,Mac McClung,27,IND,SG,3,0,34,13.2,.481,.556,.222,0.0,13.0,6.1,5.1,7.0,2.6,9.2,26.2,-0.1,0.1,0.0,.009,-5.6,6.0,0.4,0.0,,mccluma01
422,Jamir Watkins,24,WAS,SG,5,0,33,7.6,.619,.500,.250,3.2,15.5,9.5,0.0,0.0,2.6,10.1,12.5,0.0,0.0,0.0,.021,-5.9,-3.9,-9.9,-0.1,,watkija01
423,Dylan Cardwell,24,SAC,C,3,1,33,2.6,.363,.167,.333,6.6,10.4,8.5,0.0,2.9,8.5,22.5,11.5,-0.1,0.0,0.0,-0.059,-12.1,0.3,-11.8,-0.1,,cardwdy01
424,Jamal Cain,26,ORL,SF,5,0,31,5.7,.450,.625,.250,7.3,7.2,7.3,8.4,1.5,2.8,18.4,14.7,0.0,0.0,0.0,-0.001,-6.7,-1.6,-8.2,0.0,,cainja01
425,Charles Bassey,25,MEM,C,2,0,31,12.7,.376,.000,.375,23.6,27.9,25.7,8.8,1.5,3.1,9.7,13.8,0.0,0.0,0.0,.077,-3.3,-1.1,-4.4,0.0,,bassech01
426,Jalen Green,23,PHO,SG,2,2,30,29.1,.615,.609,.217,7.5,7.6,7.5,26.4,3.2,0.0,7.4,37.7,0.1,0.0,0.1,.212,10.7,0.8,11.5,0.1,,greenja05
427,Jahmyl Telfort,24,LAC,PF,7,0,29,-5.4,.087,1.000,1.000,0.0,11.8,6.0,4.2,1.7,0.0,14.8,10.3,-0.1,0.0,-0.1,-0.202,-12.0,-2.3,-14.3,-0.1,,telfoja01
428,Tyson Etienne,26,BRK,PG,6,0,28,-7.7,.231,.846,.000,0.0,0.0,0.0,0.0,0.0,0.0,0.0,19.9,-0.1,0.0,-0.2,-0.280,-13.8,-7.5,-21.3,-0.1,,etienty01
429,Dario Šarić,31,SAC,C,3,0,28,5.1,.425,.400,.400,3.9,16.4,10.0,8.7,0.0,0.0,14.5,10.5,0.0,0.0,0.0,-0.032,-3.5,-2.1,-5.6,0.0,,saricda01
430,PJ Hall,23,MEM,C,7,0,27,19.0,.630,.333,.333,11.6,24.0,17.7,11.5,0.0,7.0,8.8,17.4,0.1,0.0,0.1,.161,1.6,0.0,1.7,0.0,,hallpj01
431,E.J. Liddell,25,BRK,PF,6,0,27,9.9,.487,.727,.273,8.0,27.3,17.0,0.0,0.0,0.0,0.0,19.6,0.0,0.0,0.0,.021,-2.9,-5.0,-7.9,0.0,,liddeej01
432,Mark Sears,23,MIL,PG,7,0,26,15.1,.666,.615,.615,4.3,4.4,4.4,11.7,0.0,0.0,19.5,34.4,0.0,0.0,0.0,.022,2.4,-4.4,-2.0,0.0,,searsma01
433,Hunter Tyson,25,DEN,PF,6,0,25,1.3,.113,.625,.250,4.8,41.7,24.5,8.6,1.9,0.0,0.0,15.1,-0.1,0.1,-0.1,-0.097,-9.9,-1.9,-11.8,-0.1,,tysonhu01
434,Jamaree Bouyea,26,PHO,PG,3,0,25,22.4,.850,.700,.000,0.0,4.5,2.3,6.3,0.0,3.8,0.0,16.7,0.1,0.0,0.1,.235,8.5,1.3,9.8,0.1,,bouyeja01
435,Johni Broome,23,PHI,PF,4,0,24,9.4,.286,.143,.000,22.7,18.6,20.6,18.1,4.0,0.0,12.5,27.9,-0.1,0.0,-0.1,-0.128,-5.6,-4.1,-9.7,0.0,,broomjo01
436,Javonte Cooke,26,POR,SG,3,0,24,0.6,.350,.400,.000,4.3,0.0,2.2,17.0,2.0,0.0,23.1,21.4,-0.1,0.0,-0.1,-0.181,-7.7,-3.7,-11.4,-0.1,,cookeja01
437,Jeff Green,39,HOU,PF,6,0,23,17.2,.750,1.000,.000,4.9,9.6,7.3,0.0,0.0,4.4,0.0,14.3,0.1,0.0,0.1,.215,4.6,-1.5,3.1,0.0,,greenje02
438,Joe Ingles,38,MIN,SF,6,0,23,5.2,.000,1.000,.000,0.0,0.0,0.0,29.9,2.1,0.0,0.0,3.7,0.0,0.0,0.0,.061,-3.2,1.6,-1.7,0.0,,inglejo01
439,DeAndre Jordan,37,NOP,C,2,1,23,18.7,.765,.000,.400,18.0,31.6,24.3,0.0,0.0,0.0,14.5,12.5,0.1,0.0,0.1,.125,2.0,-3.2,-1.2,0.0,,jordade01
440,Orlando Robinson,25,ORL,C,3,1,22,14.9,.700,.400,.000,10.3,5.1,7.7,12.5,2.2,0.0,0.0,9.5,0.1,0.0,0.1,.203,0.5,-0.1,0.4,0.0,,robinor01
441,Amari Williams,24,BOS,PF,3,0,22,12.4,.521,.000,1.000,4.8,19.7,12.2,5.4,2.3,8.9,0.0,5.6,0.0,0.0,0.1,.140,-2.4,3.0,0.6,0.0,,william01
442,Tolu Smith,25,DET,PF,2,0,22,36.4,.767,.000,.875,20.1,34.3,27.3,14.5,2.2,4.5,8.3,22.6,0.1,0.1,0.2,.410,9.9,3.6,13.5,0.1,,smithto05
443,Pacome Dadiet,20,NYK,SG,8,0,21,3.6,.291,.500,.333,0.0,27.6,13.1,11.1,0.0,0.0,0.0,13.6,0.0,0.0,0.0,-0.025,-7.7,-1.8,-9.4,0.0,,dadiepa01
444,Johnny Juzang,24,MIN,SG,7,0,21,4.8,.455,.778,.222,5.3,10.2,7.8,6.5,0.0,0.0,9.2,21.8,0.0,0.0,0.0,-0.031,-5.7,-4.1,-9.9,0.0,,juzanjo01
445,Antonio Reeves,25,CHO,SG,2,0,21,12.7,.750,.833,.000,5.4,5.5,5.5,0.0,0.0,0.0,0.0,11.9,0.1,0.0,0.0,.110,2.9,-1.3,1.6,0.0,,reevean01
446,James Wiseman,24,IND,C,1,1,20,5.3,.667,.000,.000,19.8,0.0,10.4,0.0,0.0,4.5,50.0,12.3,0.0,0.0,0.0,-0.077,-9.0,-4.4,-13.4,-0.1,,wisemja01
447,Anthony Gill,33,WAS,PF,6,0,18,23.2,.962,.200,.800,11.7,17.1,14.4,0.0,0.0,0.0,22.8,20.3,0.1,0.0,0.1,.180,3.5,-2.6,0.9,0.0,,gillan01
448,Isaac Jones,25,2TM,PF,4,1,18,7.2,.512,.500,.500,12.2,0.0,6.2,7.0,0.0,0.0,0.0,11.4,0.0,0.0,0.0,.071,-6.1,-2.6,-8.7,0.0,,jonesis01
448,Isaac Jones,25,SAC,PF,3,1,17,5.6,.521,.500,1.000,12.9,0.0,6.6,7.4,0.0,0.0,0.0,7.2,0.0,0.0,0.0,.063,-6.3,-2.2,-8.5,0.0,,jonesis01
448,Isaac Jones,25,DET,PF,1,0,1,34.8,.500,.500,.000,0.0,0.0,0.0,0.0,0.0,0.0,0.0,82.3,0.0,0.0,0.0,.207,-2.6,-10.1,-12.7,0.0,,jonesis01
449,Hunter Sallis,22,PHI,SG,5,0,17,2.1,.644,.000,.667,0.0,6.5,3.2,23.9,0.0,5.2,50.8,19.4,-0.1,0.0,-0.1,-0.167,-7.4,-2.5,-9.9,0.0,,sallihu01
450,Jacob Toppin,25,ATL,SF,5,0,17,15.3,.667,.000,.000,0.0,6.5,3.3,8.9,0.0,5.5,0.0,15.0,0.0,0.0,0.0,.122,-0.3,0.2,0.0,0.0,,toppija01
451,Jahmir Young,25,MIA,PG,4,0,17,8.6,.500,.400,.000,0.0,5.6,3.0,25.6,0.0,0.0,9.1,26.2,0.0,0.0,0.0,.000,-4.4,-2.6,-6.9,0.0,,youngja05
452,Garrison Mathews,29,IND,SG,3,0,16,-7.1,.000,1.000,.000,0.0,13.8,6.5,8.0,0.0,0.0,25.0,10.2,-0.1,0.0,-0.1,-0.233,-12.4,-4.6,-16.9,-0.1,,mathega01
453,Thanasis Antetokounmpo,33,MIL,SF,6,0,15,28.7,.810,.000,1.000,7.5,7.6,7.5,0.0,6.4,19.1,0.0,12.5,0.1,0.0,0.1,.362,2.8,10.1,12.9,0.1,,antetth01
454,N'Faly Dante,24,ATL,C,4,0,15,12.6,.338,.000,.250,22.4,29.3,25.9,0.0,6.3,0.0,18.4,15.4,0.0,0.0,0.0,.052,-3.9,-1.2,-5.1,0.0,,nfalyda01
455,Ron Harper Jr.,25,BOS,SF,3,0,15,21.5,.571,.857,.000,7.1,14.4,10.7,29.3,0.0,6.6,0.0,20.0,0.1,0.0,0.1,.248,6.5,2.8,9.3,0.0,,harpero02
456,Chris Livingston,22,CLE,SF,1,0,14,18.4,.643,.400,.200,0.0,23.9,11.6,10.9,3.4,0.0,0.0,16.0,0.0,0.0,0.1,.214,-2.2,3.9,1.8,0.0,,livinch01
457,Daeqwon Plowden,27,SAC,SG,1,0,14,-0.1,.200,.600,.000,15.7,0.0,8.0,0.0,0.0,0.0,0.0,15.2,0.0,0.0,-0.1,-0.181,-7.0,-5.8,-12.8,0.0,,plowdda01
458,Kenrich Williams,31,OKC,PF,1,0,13,1.1,.000,.000,.000,0.0,32.4,17.0,8.6,0.0,0.0,0.0,3.3,0.0,0.0,0.0,.061,-6.1,2.1,-4.0,0.0,,willike04
459,Harrison Ingram,23,SAS,SF,3,0,11,20.6,.833,.333,.000,31.7,0.0,15.2,0.0,0.0,0.0,0.0,11.6,0.1,0.0,0.1,.280,7.5,-2.8,4.8,0.0,,ingraha01
460,Miles Kelly,23,DAL,PG,2,0,11,2.7,.500,.500,.000,9.5,27.6,18.7,0.0,0.0,0.0,33.3,11.4,0.0,0.0,0.0,-0.019,-9.7,0.6,-9.1,0.0,,kellymi02
461,Pete Nance,25,MIL,PF,3,0,10,50.1,1.083,.667,.000,0.0,22.7,11.3,25.8,0.0,0.0,0.0,26.1,0.1,0.0,0.1,.389,29.5,4.3,33.7,0.1,,nancepe01
462,Garrett Temple,39,TOR,SG,3,0,10,10.9,.694,1.000,1.000,0.0,11.0,5.6,12.4,0.0,9.8,25.8,16.4,0.0,0.0,0.0,.062,-0.5,0.7,0.2,0.0,,templga01
463,Trey Jemison,26,NYK,C,2,0,10,-3.0,,,,10.5,11.6,11.0,0.0,0.0,0.0,100.0,4.1,0.0,0.0,0.0,-0.066,-10.5,-2.2,-12.8,0.0,,jemistr01
464,Myron Gardner,24,MIA,SF,3,0,9,23.1,1.500,1.000,.000,0.0,21.2,11.2,15.8,0.0,0.0,0.0,9.0,0.0,0.0,0.1,.330,5.6,6.2,11.8,0.0,,gardnmy01
465,Adou Thiero,21,LAL,SF,3,0,9,23.3,1.042,.000,1.000,14.0,0.0,6.6,0.0,0.0,0.0,0.0,13.7,0.1,0.0,0.1,.367,2.1,0.0,2.2,0.0,,thierad01
466,Kevin Porter Jr.,25,MIL,PG,1,1,9,45.6,.850,.600,.400,0.0,0.0,0.0,40.0,5.3,0.0,0.0,28.4,0.1,0.0,0.1,.562,15.3,4.3,19.6,0.1,,porteke02
467,Riley Minix,25,SAS,SF,3,0,8,45.8,.750,.500,.000,14.5,13.5,14.0,33.3,6.0,0.0,0.0,31.9,0.1,0.0,0.1,.434,17.9,7.1,25.0,0.1,,minixri01
468,Danny Wolf,21,BRK,PF,3,0,8,15.9,.532,.000,2.000,0.0,30.7,14.3,32.0,0.0,0.0,0.0,10.1,0.0,0.0,0.0,.160,2.4,2.0,4.4,0.0,,wolfda01
469,Doug McDermott,34,SAC,SF,1,0,8,15.8,1.000,1.000,.000,0.0,0.0,0.0,0.0,0.0,0.0,25.0,21.3,0.0,0.0,0.0,-0.002,5.6,-1.6,3.9,0.0,,mcderdo01
470,Sharife Cooper,24,WAS,PG,3,0,7,-8.9,,,,0.0,0.0,0.0,0.0,0.0,0.0,100.0,6.0,0.0,0.0,0.0,-0.234,-14.2,-5.4,-19.6,0.0,,coopesh01
471,Chris Mañon,24,LAL,SG,2,0,7,-0.6,.000,1.000,.000,0.0,32.5,17.1,0.0,0.0,14.1,0.0,6.1,0.0,0.0,0.0,-0.047,-12.1,2.6,-9.4,0.0,,manonch01
472,Colby Jones,23,DET,SG,1,0,7,13.2,.333,.667,.000,0.0,61.5,31.2,37.7,0.0,0.0,0.0,17.6,0.0,0.0,0.0,.117,-3.0,5.3,2.3,0.0,,jonesco02
473,Noa Essengue,19,CHI,PF,2,0,6,-11.9,.000,.667,.000,0.0,0.0,0.0,0.0,7.7,0.0,0.0,20.7,-0.1,0.0,-0.1,-0.419,-20.7,-3.3,-23.9,0.0,,essenno01
474,Christian Koloko,25,LAL,C,2,0,6,-0.3,,,,0.0,18.9,10.0,0.0,0.0,0.0,,0.0,0.0,0.0,0.0,.031,-6.7,-1.3,-8.1,0.0,,kolokch01
475,Jahmai Mashack,23,MEM,SG,1,0,6,29.1,.750,1.000,.000,0.0,36.0,17.7,0.0,0.0,0.0,0.0,27.7,0.0,0.0,0.0,.201,8.5,0.4,8.9,0.0,,mashaja01
476,Hunter Dickinson,25,NOP,C,1,0,5,-11.2,.500,.000,.000,0.0,0.0,0.0,0.0,0.0,21.2,50.0,33.3,-0.1,0.0,-0.1,-0.534,-27.1,0.3,-26.8,0.0,,dickihu01
477,DaRon Holmes,23,DEN,PF,2,0,4,24.7,1.500,1.000,.000,0.0,0.0,0.0,0.0,0.0,0.0,0.0,10.6,0.0,0.0,0.0,.203,10.8,0.8,11.6,0.0,,holmeda01
478,Koby Brea,23,PHO,SG,1,0,4,35.4,.694,.500,1.000,0.0,0.0,0.0,40.2,0.0,0.0,0.0,30.0,0.0,0.0,0.0,.477,6.7,-1.5,5.2,0.0,,breako01
479,Isaiah Crawford,24,HOU,SF,1,0,3,0.0,,,,0.0,0.0,0.0,0.0,0.0,0.0,,0.0,0.0,0.0,0.0,.008,-4.1,-1.5,-5.6,0.0,,crawfis01
480,Tosan Evbuomwan,24,NYK,SF,1,0,3,-7.6,.000,.000,.000,0.0,38.6,18.4,0.0,0.0,0.0,0.0,13.8,0.0,0.0,0.0,-0.257,-17.1,-6.8,-23.8,0.0,,evbuoto01
481,Kyle Lowry,39,PHI,PG,1,0,3,63.4,1.500,1.000,.000,0.0,0.0,0.0,63.8,16.0,0.0,0.0,13.9,0.0,0.0,0.1,.874,27.1,22.1,49.2,0.0,,lowryky01
482,Drew Timme,25,LAL,PF,1,0,1,83.5,.500,.500,.000,0.0,0.0,0.0,0.0,48.0,0.0,0.0,85.8,0.0,0.0,0.0,.721,3.1,20.9,24.1,0.0,,timmedr01
,League Average,,,,,,,,.582,.418,.283,5.3,14.7,10.0,16.2,1.7,1.8,12.6,19.9,,,,,,,,,,-9999